id,sent,softmatch_score,softmatch,soft_svm
24, 人物一 没有 哥哥 人物二 幸运 主演 机会 可谓 十分 难得,0.8300183,1,0
25, 动漫 妹妹 大阪 大妈 中 角色 人物二 妹妹 人物一 一个 外貌 相当 可爱 高中 一年级 学生,0.822579,1,1
31, 国内 教育 体系 钱学森 子女 应该 大学 时 极大 破坏 钱学森 子女 人物二 人物一 没有 得到 堂兄弟 发展 环境,0.81830573,1,1
32, 那年 人物二 岁 妹妹 人物一 岁,0.82689047,1,1
37, 人物二 著名 音乐 人物一 大哥 高中 阶段 一次 全美 联考 中 获得 第一 老布什 接见 来信,0.8195443,1,0
45, 人物一 人物二 之弟 封 赵郡 公 官至 开府 仪同 三司 大将军,0.8527486,1,1
47, 人物二 人物 家庭 韩国 艺人 全智贤 老公 人物一 大哥,0.8167227,1,1
49, 柳 大山 带 三个 收养 孤儿 人物二 焦恩俊 饰 人物一 柳 月 一直 卖艺 为生 生计 艰难 便 回老家,0.8196618,1,0
85, 人物二 金庸 小说 神雕侠侣 中 人物 一灯大师 四大 弟子 渔樵 耕读 耕夫 武三通 之子 母亲 武三娘 兄长 人物一,0.80186516,1,1
94, 靖 蓉 寻找 黄药师 巧遇 武三通 之子 人物一 人物二 杨康之 子 杨过,0.8936751,1,0
99, 人物 生平 人物一 人物一 武三通 武三娘 生 父母 希望 弟弟 人物二 弃武 从文 涉身 险恶 江湖,0.8820952,1,1
100, 英雄 大会 中 人物二 人物一 明明 以二敌 大败 霍都王子 手下 丢 中原 英雄 脸面,0.84580266,1,0
107, 郭靖 黄蓉 更是 人物一 人物二 郭 芙 面前 缺失 男人 血性 表现 看作 宝贝女儿 疼爱,0.8317557,1,1
112, 靖 蓉 寻找 黄药师 巧遇 武三通 之子 人物一 人物二 杨康之 子 杨过,0.8936751,1,0
120, 人物二 武三通 武三娘 生 父母 希望 哥哥 人物一 弃武 从文 涉身 险恶 江湖,0.8746227,1,1
121, 人物一 人物二 没有 郭靖 幸运 觉得 运气,0.8332499,1,1
127, 靖 蓉 寻找 黄药师 巧遇 武三通 之子 人物一 人物二 杨康之 子 杨过,0.8936751,1,0
129, 杨过 从华山 下来 英雄 大会 途中 破庙 见到 人物一 神色 剽悍 举手投足 之间 精神 十足 人物二 轻捷 灵动 东奔西走 没 一刻 安静,0.81740344,1,0
132, 人物一 正写 人物二 回来 文件 一看 大笑 哥 会 写,0.8176966,1,0
143, 人物一 怂恿 张荫桓 出面 打着 繁荣 芜湖 商埠 旗号 人物二 献策 依靠 朝廷 力量 令 镇江 米市 迁至 芜湖,0.8414641,1,1
186, 蜀汉 名将 张飞 之孙 人物一 之子 人物二 侄,0.82357305,1,1
234, 罗焕 人物 简介 隋唐 时期 罗艺 之孙 祖母 姜桂芝 人物一 之子 人物二 侄子,0.8152935,1,1
240, 人物 简介 隋唐 时期 罗艺 之孙 祖母 姜桂芝 人物一 之子 人物二 侄子,0.81078446,1,1
243, 隋唐 时期 罗艺 之孙 祖母 姜桂芝 人物一 之子 人物二 侄子 死 薛丁山 征西 儿子 罗平 女儿 罗盈,0.8411364,1,1
272, 反自 祲 祥 宿于 䓕 氏 生 人物二 人物一 于泉 丘人,0.880497,1,1
295, 本集 叙 荆州 刘表 死后 人物一 人物二 伪造 遗嘱 立 次 子刘琮 继任 荆州 太守 曹操 大军 进攻 荆州 人物一 献城 投降,0.8515183,1,1
296, 刘表 后妻 人物一 疑 刘备 时 正在 屏风 窃听 闻备 此言 便 忌恨 备 命弟 人物二 襄阳 设宴 欲 藉 机杀备,0.8316271,1,1
303, 人物一 人物 生平 荆州 刺史 刘表 后妻 刘琮 后母 人物二 之姐,0.85763067,1,1
305, 刘表 死后 人物一 人物二 立 荆州 之主 投降 南下 曹操,0.87376845,1,1
327, 张国强 命令 职业杀手 人物二 杀 邱玉茹 邱玉茹 追杀 时 幸运 得到 人物一 相救 歹徒 仍然 步步进逼 不肯 放过,0.8296767,1,0
346, 导演 人物一 演员 人物二 兄弟 双星 忠 武路 名堂 越 越响 风格 各有千秋 两人 前途 圈内 人士 普遍 看好,0.83411485,1,0
351, 导演 人物一 演员 人物二 兄弟 双星 忠 武路 名堂 越 越响 风格 各有千秋 近来 两人 前途 圈内 人士 普遍 看好,0.83119386,1,0
370, 人物一 中国 古典小说 红楼梦 中 人物 金陵 十二钗 贾政 王夫人 所生 长女 人物二 姐姐 贾府 通称 娘娘,0.810911,1,1
373, 贾政 生 贾珠 人物一 人物二 王夫人 生 贾探春 庶出 贾环 赵姨娘 生,0.8083051,1,1
374, 人物一 薨 逝 王子腾 药 死 贾政 赴任 贾母 王夫人 只得 采纳 凤姐 掉包 计 成全 人物二 薛宝钗 金玉 姻缘,0.88169146,1,1
379, 人物一 一手 抚养 亲 弟弟 人物二 一个 未成年 孩子 人物一 没有 传命 只能 站 室外 所谓 无谕 外 男 不敢 擅入,0.84221727,1,1
435, 年 古天乐 版 神雕侠侣 中 人物一 却成 陆无双 爹 何沅君 成 陆无双 娘 人物二 陆二娘 均 未 提及,0.83308554,1,0
436, 象山 影视城 陆家庄 陆家庄 神雕 中是 人物一 人物二 两 兄弟 庄院 小说 第一回 中 写道 故事情节 这府院 发生,0.8136085,1,1
439, 两 人均 想 人物二 藉藉无名 兄长 人物一 何沅君 夫妇 却侠 名震于 江湖 嘉兴 陆家庄 名头 武林中 向来 无人 小觑,0.8470885,1,1
441, 年 古天乐 版 年 陈晓 版 神雕侠侣 中 人物一 却成 陆无双 爹 人物二 人物 未 提及,0.8082978,1,0
442, 陆家庄 陆家庄 神雕 中是 人物一 人物二 两 兄弟 庄院 小说 第一回 中 写道 故事情节 这府院 发生,0.81531197,1,1
452, 舅父 人物一 想 抓 黄蓉 雌雕 失手 摔死 铁掌 峰下 人物二 铁掌 水上 飘 慈恩 金轮法王 恶斗 终于 伤 掌下 死,0.84115785,1,1
461, 人物二 出身 平民 家庭 一个 重组 家庭 里 长大 十四岁 时 母亲 继父 遇 车祸 去世 继父 儿子 人物一 勉强 算作 一个 亲人,0.8148828,1,1
464, 人物二 夜店 偶遇 一个 女人 留下 深刻 印象 后来 得知 女人 竟是 人物一 前女友 伍媚 莫小棋 饰演,0.81493664,1,1
465, 人物二 伍媚 挡 中间 有小曦 一个 深深 爱着 伍媚 人物一,0.85930157,1,1
466, 人物一 电视剧 北京 爱情故事 中 角色 人物二 哥哥 事业心 强 深爱 伍媚 这部 电视剧 里 悲剧 一个 人物,0.81045175,1,1
468, 伍媚 回国 结婚 丈夫 一个 人物一 性格 相貌 略 相同 一点 人物二 发现,0.83163595,1,1
474, 斗眼 潘斌龙 饰 追捕 电视剧 职员表 出品人 人物一 人物二,0.8010341,1,0
477, 华谊 众多 明星 工作人员 两人 不少圈 中 好友 包括 大小 王总 华谊 总裁 人物一 人物二 冯小刚 导演 王菲 到场 祝贺,0.83058316,1,0
480, 华谊 广告 注册资本 万元 中 人物一 出资 万元 占 人物二 出资 万元 占 马云 持有 股权,0.82173467,1,0
486, 哥哥 人物一 游走 艺术 生活 之间 商业 大亨 弟弟 人物二 一个 温柔 懂得 品味 生活 顾家 男人,0.81028277,1,1
505, 文章 人物一 太后 兴师 质问 朱允 朱允大怒 欲 斩 人物二 众人 只好 跪地 求情,0.8456884,1,1
513, 最后 一段 更是 直接 说明 在场 多人 中 女主 人物一 真的 霍去病 生死 痛苦 焦虑 指明 人物二 外甥 生死 无动于衷,0.8094378,1,1
521, 人物一 角色 介绍 御兽 王者 第二部 中 出现 人物 宇文 锦辰 二 儿子 哥哥 宇文 弟弟 人物二 帅哥,0.8196842,1,1
543, 人物一 女 岁 国产 游戏 古剑 奇谭 琴心 剑魄 今何在 中 配角 人物二 二姐,0.85606724,1,1
544, 人物二 十分 爱护 教导 严厉 生活 中 扮演着 类似 母 人物一 张,0.8602251,1,1
582, 人物一 一生 没有 子女 一直 人物二 子女 当成 亲生,0.8652675,1,1
587, 弟弟 人物二 相比 人物一 一生 谈不上 成就 能够 弟弟 事业 付出 一个 值得 怀念,0.854495,1,1
591, 人物一 人物二 带 进入 时光隧道 听 听 兄弟俩 小时候 童音 猜猜,0.81923527,1,1
606, 良久 微弱 干哑 声音 人物一 苍白 唇 片中 传来 努力 振作起来 吃力 人物二 笑了笑 白色 加长 劳斯莱斯 车 走,0.812998,1,1
628, 九子 长子 广成 次子 人物一 三子 傅宁 四子 傅文 五 子 傅宽 六子 傅新 七子 傅玉 八子 傅谦 九 子 人物二,0.82250506,1,1
655, 两口 相差 半载 年纪 人物二 秀雅 文静 人物一 却是 十分 活泼 两个 性格 截然不同,0.83068776,1,1
659, 少年 发誓 决计 不会 姑姑 独守 十六年 寂寞 李莫愁 闲身 空恨 不会 人物二 人物一 苦熬 年华,0.83982825,1,0
663, 性情 内敛 武功 中 表妹 人物一 武功 低微 牙 尖嘴利 往往 自不量力 惹事生非 得罪人 人物二 收场,0.8588093,1,1
666, 到来 会 杨过 小龙女 带来 改变 人物一 人物二 薄命 红颜 命运 是否 会 改变 下去 知道,0.8017928,1,0
671, 人物二 听 这话 不禁 生气 挂念 杨过 无意 争 闲气 示意 人物一 找 杨过,0.83254457,1,0
672, 小龙女 经历 是否 会 不同 人物二 人物一 是否 还会 孤独 一生,0.837919,1,0
673, 李莫愁 於 绝情谷 身中 情花 之毒 武氏兄弟 人物二 人物一 围攻 最终 葬身 於 火海 之中,0.8560035,1,1
675, 人物一 最后 归宿 人物二 寻回 儿时 玩伴 表姊 自小 便 三分 表姊 真心 维护 能力 做,0.84636897,1,1
679, 杨过 告别 人物一 人物二 后于 山岭 间 信步而行 时 无意 中 遇到 金轮法王 师徒 一行 帮 疗伤 杨过 要求 国师 帮 报仇,0.8375998,1,0
689, 遇到 柯镇恶 之后 一定 马上 嘉兴 人物二 人物一 住所 旁边 民房 里面 找段 老 中间 不要 做 段 老将 过世,0.8086738,1,0
694, 不想 改变 南帝 变 东邪 变 郭靖 变 黄蓉变 杨过 变 小龙女 变 人物二 变 人物一 变,0.80044454,1,0
702, 人物二 炎帝 神农 洞 月 幽之境 中 守护 梭罗 仙树 梭罗树 仙 人物一 孪生 姐姐,0.80978733,1,1
709, 人物二 人物 简介 人物二 炎帝 神农 洞 月 幽之境 中 守护 梭罗 仙树 梭罗树 仙 人物一 孪生 姐姐,0.8071165,1,1
710, 人物一 仙剑 奇侠传 剧情 人物 炎帝 神农 洞 月 幽之境 中 守护 梭罗 仙树 梭罗树 仙 人物二 孪生 妹妹,0.8022674,1,1
711, 人物二 见 人物一 决心 告诉 众人 线索,0.8592011,1,0
717, 婚礼 派对 中午 一直 开 下午 点 据知 人物二 场内 献唱 多首 感人 歌曲 更 上台 讲到 人物一 姐弟 情 一度 感动 泪 洒 当场,0.82272315,1,0
725, 人物二 一听 妹妹 不认账 气得 抓起 桌上 酒杯 人物一 砸 过去 老鼠 想 咬,0.848729,1,1
729, 六月 封 人物二 皇后 封 人物一 为昭仪 大赦天下,0.86269957,1,1
730, 人物二 人物一 责任 坏 女人 主要 责任 君王 身上,0.8405756,1,1
731, 人物 亦念子 帝姬 刘骜 人物二 人物一 甄宓 曹丕 曹植 曹操 李隆基 杨玉环,0.843351,1,1
738, 后来 听说 一个 妹妹 人物一 长得 非常 漂亮 温柔 多情 人物二 自愧不如 便 下令 招入 宫中 姐妹 俱为 婕妤 贵倾 后宫,0.8402154,1,1
745, 人物二 听 妹妹 诉说 感动 眼泪 直流 头上 紫玉九雏钗 取下 簪 人物一 发髻,0.8604675,1,1
759, 燕赤凤 汉书 中 人物二 人物一 两姐妹 汉书 有云 自鸿嘉后 稍 隆于 宠,0.8640537,1,1
776, 竟 穿越 汉朝 成 祸水 人物一 姐姐 人物二 争抢 同一个 同一个 男人 究竟 发生,0.85051584,1,1
779, 说 麝香 放入 妓女 肚脐 避孕 堪称 中国 红颜 祸水 人物二 人物一 两 姊妹 记载 采取 避孕措施,0.8202682,1,1
785, 后来 听说 一个 妹妹 人物一 长得 非常 漂亮 温柔 妩媚 人物二 自愧不如 便 下令 招入 宫中 姐妹 俱为 婕妤 贵倾 后宫,0.8405347,1,1
804, 人物二 成为 皇后 获得 女人 显赫 地位 成帝 宠爱 渐渐 以往 成帝 更为 宠爱 妹妹 人物一,0.8804495,1,1
811, 人物二 大方 不像 女人 争风吃醋 可能 有福同享 可能 加强 阵营 妹妹 人物一 介绍 进来 供 成帝 享用,0.85042083,1,1
818, 后来 人物二 人物一 姐妹 入宫 受宠 十分 嫉妒 班婕 汉成帝 心目 中 地位 便 设计 陷害 班婕,0.86717534,1,1
827, 竟 穿越 汉朝 成 臭名昭著 祸水 人物一 姐姐 人物二 争抢 同一个 男人 究竟 发生,0.8535485,1,1
832, 郭槐 过世 人物二 不能 遵其 遗言 赵粲 人物一 往来 更 谋杀 司马遹 终 於 导致 贾家 败亡 废 下场,0.85213256,1,1
838, 岁 嫁给 贾充 作 继室 生二女 二子 长女 名 人物二 次女 人物一 子 名为 贾黎 民,0.8632277,1,1
839, 嗣 孙 贾谧 贾充 外孙 母 人物一 贾充 无子嗣 而入 嗣 官至 侍中 人物二 合谋 赵王 司马伦 杀害,0.86976206,1,1
852, 主要 介绍 现代 著名作家 人物二 弟弟 人物一 先生 亲历 亲闻 特殊 身份 回忆 姐姐 人物二 家庭 生活 经历 接触 人和事,0.830353,1,1
853, 人物二 弟弟 文章 附 中 看出 人物一 一生 父不疼 母不爱 姐不亲 姑不怜,0.8850403,1,1
867, 雪飘 人间 雪飘 二字 取自 女儿 人物二 二女儿 人物一 名字 中 两个 字,0.83260703,1,1
873, 人物二 接二连三 吃 闭门羹 最后 不得不 论落 人物一 小雨 借钱 地步 两个 弟弟 缠 买 买,0.82986814,1,1
875, 家人 夏东海 丈夫 人物一 夏雨 儿子 人物二 女儿 胡一统 前夫,0.8476063,1,1
881, 父亲 教育 人物二 人物一 夏雨 一起 认真 母亲 刘梅 洗 一回 脚,0.8231989,1,1
882, 亲人 夏祥 父亲 范晓 英 岳母 刘梅 现任 老婆 玛丽 前妻 人物一 夏雨 儿子 人物二 女儿,0.8441431,1,1
884, 亲人 夏祥 父亲 刘梅 现任 老婆 玛丽 前妻 人物一 夏雨 儿子 人物二 女儿,0.8437498,1,1
888, 谓 称 梅梅 夏东海 妈妈 妈 人物一 夏雨 人物二 刘梅 阿姨 通用,0.809133,1,1
893, 东海 刘梅 人物一 人物二 做戏 没有 阻拦 夸 二人 演得,0.831309,1,1
897, 刘梅 儿子 人物一 座位 最后 一排 夏雨 中间 人物二 座位 还算 前 老师 说 人物二 成绩 稳定 座位 跟着 成绩 调整,0.81685066,1,1
899, 人物二 拿不定 主意 拿出 义卖 人物一 夏雨 刺探 半天 没有 收获,0.8275069,1,1
904, 人物一 人物二 不可开交 夏雨 铁蛋 身上 看到 团结 反面教材 互相承认 错误,0.8171658,1,1
905, 刘梅 人际关系 家人 夏东海 丈夫 人物一 夏雨 儿子 人物二 女儿 胡一统 前夫,0.84159976,1,1
906, 谓 称 叔叔 老夏 通用 夏东海 刘梅 玛丽 爸爸 爸 老爸 人物二 人物一 夏雨 小哥 加 菲猫 爸爸 刘梅,0.8239298,1,1
909, 美丽 不满 穿 校服 人物一 人物二 决定 成立 美丽 二人组 展示 奇装异服 慷慨激扬 行为 愈演愈烈,0.8377515,1,1
910, 儿媳妇 搞清楚 阵势 马上 说 老奶奶 脚肿 面包 已经 送 医院 刘梅 东海 始知 人物一 人物二 祸 闯大,0.8202533,1,1
911, 家有 儿女 讲述 夏东海 夫妇 子女 人物一 夏雨 人物二 一系列 故事,0.84703535,1,1
912, 妙计 没有 成功 最后 人物二 方刚 说明 情况 人物一 遭到 处罚,0.84655464,1,1
916, 人物一 自知 无法 人物二 夏雨 竞争 采取 成绩 拉 下来 做法,0.82790387,1,1
927, 龙幽 临走前 告诉 人物一 蜀山 禁洞 中 遇到 人物二 鬼魂 惦记 妹妹,0.8488447,1,1
930, 人物二 助 龙溟 盗鼎 一事 发生 人物一 姐姐 行为 百思不解 事 藏 心里 面 不再 对人 提起,0.8346844,1,1
933, 面对 归还 神农 鼎 夏侯瑾轩 人物一 询问 是否 真的 没有 见到 姐姐 人物二 瑕 觉得 抱歉,0.8159233,1,1
934, 草谷 觉得 没有 不妥 人物一 不用 人物二 承担,0.8247835,1,1
940, 人物二 发现 人物一 继乐 甚有 好感 自卑心 作遂 决定 继乐 爱意 更加 收藏,0.8505363,1,1
941, 该剧 讲述 水 健儿 游德 离婚 夫妇 带 一个 女儿 人物二 人物一 香港 美国 生活,0.84409255,1,0
946, 事件 中 人物一 看出 人物二 继乐 原来 紧 爱是,0.8614969,1,1
948, 事件 中 人物一 看出 人物二 继乐 原来 幺 紧 爱是 甚 幺,0.8506357,1,1
949, 人物二 人物一 相处 间 经常 斗气 始终 血脉相连 姊妹 情不经 不觉 间 萌芽 起来,0.83734685,1,1
950, 人物二 人物一 相处 间 经常 斗气 始终 血脉相连 姊妹 情不经 不觉 间 萌芽 起来,0.83734685,1,1
955, 人物二 人物一 继乐 微妙 感情 三角 之间 青春 路上 部份 印记 成长 过程 中 阵阵 涟漪,0.82919055,1,1
963, 人物二 人物一 满 岁 时 赌王 于君 悦 酒店 举行 千万 成人礼 生日会,0.8086738,1,0
977, 良久 微弱 干哑 声音 人物二 苍白 唇 片中 传来 努力 振作起来 吃力 人物一 笑了笑 白色 加长 劳斯莱斯 车 走,0.812998,1,1
991, 红楼 二 尤 人物一 红楼 二 尤 人物 介绍 人物一 贾珍 妻 人物二 异母 妹 尤老娘 前夫 生 尤老娘 改嫁 尤家时 随来,0.8543548,1,1
992, 金陵 十二钗 副册 尤三姐 情刚 尤三姐 人物二 继母 带来 女儿 人物一 妹妹,0.81916565,1,1
993, 人物一 贾珍 妻 人物二 异母 妹 尤老娘 前夫 生 尤老娘 改嫁 尤家时 随来,0.85915166,1,1
998, 人物一 人物一 人物二 继母 带来 女儿 红楼梦 中 一个 悲剧性 女性 人物,0.8040895,1,1
999, 人物一 红楼梦 中 人物 贾琏 二房 贾珍 夫人 人物二 继母 带来 女儿,0.83697164,1,1
1001, 金陵 十二 副钗 尤三姐 尤三姐 十二 副钗 人物二 继母 带来 女儿 人物一 妹妹,0.8200105,1,1
1003, 王熙凤 发现 贾琏 偷 娶 人物一 大闹 宁国府 人物二 束手无策 王熙凤 作践 揉搓 成 一个 面团,0.8638244,1,1
1004, 人物一 红楼梦 中 人物 贾珍 太太 人物二 继母 带来 女儿,0.8008641,1,1
1006, 人物一 人物 简介 新版 红楼梦 人物一 人物一 贾珍 妻 人物二 异母 妹 尤老娘 前夫 生 尤老娘 改嫁 尤家时 随来,0.88092864,1,1
1007, 金陵 十二钗 副册 人物一 情悔 人物一 人物二 继母 带来 女儿 红楼梦 中 一个 悲剧性 女性 人物,0.81841284,1,1
1011, 人物一 人物 介绍 人物一 贾珍 妻 人物二 异母 妹 尤老娘 前夫 生 尤老娘 改嫁 尤家时 随来,0.87063336,1,1
1012, 虎狼 药 危害 虎狼 药 孕妇 禁用 虎狼 药 人物一 流产 说起 人物一 红楼梦 中 人物 人物二 继母 前夫 带 过来 女儿,0.8418807,1,1
1016, 红楼梦 中 尤老娘 人物一 尤三姐 之母 宁国府 当家 奶奶 人物二 继母 一个 看似 极 不起眼 小人物,0.8367534,1,1
1017, 贾珍 贾琏 娶 人物一 做 二房 之意 告诉 人物二,0.8932579,1,1
1019, 人物一 人物 介绍 人物一 贾珍 妻 人物二 异母 妹 尤老娘 前夫 生 尤老娘 改嫁 尤家时 随来,0.87063336,1,1
1023, 宋缺 人物 介绍 家庭成员 二弟 宋智 族弟 宋鲁 长女 人物二 女婿 解 文龙 幼女 宋玉致 女婿 寇仲 次子 人物一 儿媳 商秀珣,0.83116555,1,1
1037, 第三十一回 人物一 怒 投 瓦岗寨 程咬金 喜纳 人物二 第三十二回 王世充 避祸 画 琼花 麻叔谋 开河 扰 百姓,0.8465365,1,1
1039, 隋末 程咬金 聚义 瓦岗寨 收服 小将 人物一 军师 徐茂 公的 巧计 安排 程咬金 充 良医 骗 笔迹 诓 人物二 上山 成亲,0.831073,1,1
1040, 固伦纯禧 公主 固伦荣宪 公主 和硕端静公主 固伦 恪靖 公主 固伦纯 悫 公主 人物二 人物一,0.82234555,1,1
1047, 海宽 女 生 爱新觉罗 胤 祥 人物二 人物一,0.86857027,1,1
1055, 女 人物二 双胞胎 妹妹 人物一 团队 中国 女子 羽毛球队,0.8421987,1,1
1069, 两人育 岁 女儿 人物二 岁 小女儿 人物一,0.8302964,1,1
1070, 家庭成员 爸 妈 一兄 一妹 太太 罗美薇 两个 女儿 女儿 人物二 二女儿 人物一,0.81902415,1,1
1071, 张学友 家庭成员 爸 妈 一兄 一妹 太太 罗美薇 两个 女儿 女儿 人物二 二女儿 人物一,0.8208819,1,1
1072, 人物二 家庭成员 爸 妈 一兄 一妹 太太 罗美薇 两个 女儿 女儿 人物二 二女儿 人物一,0.8469319,1,1
1073, 家庭成员 爸 妈 一兄 一妹 太太 罗美薇 两个 女儿 女儿 人物二 二女儿 人物一,0.81902415,1,1
1074, 现时 二人 育有 两个 女儿 女儿 人物二 小女儿 人物一,0.8119967,1,1
1081, 周末 全家 郊游 出去 两人 一辆 双人 自行车 人物一 人物二 走 最后 他姐 问起 文姨 全家 事情 知道 每个 细节,0.808721,1,1
1099, 齐僖公 生 两个 貌美如花 风华绝代 女儿 长女 人物二 次女 人物一,0.8222376,1,1
1116, 年 人物二 妹妹 人物一 合作 电视剧 自由 年代 中 饰演 男一号 流川 刘杉 峰,0.8236226,1,1
1121, 人物一 十分 爱护 教导 严厉 生活 中 扮演着 类似 母 人物二 张,0.8602251,1,1
1122, 人物二 不愿 人物一 襄铃有 纠缠 便 请求 孙月言 嫁给 人物一 二人 风晴雪 商议 之下 决定 抛绣球 招亲,0.86060953,1,1
1123, 人物二 女 岁 国产 游戏 古剑 奇谭 琴心 剑魄 今何在 中 配角 人物一 二姐,0.8560672,1,1
1127, 人物一 人物 经历 邢大舅 投奔 人物二 知以 吃酒 赌钱 眠花宿柳 为乐 手中 滥漫 钱 待人 无心 呆气 十足 人称 傻 大舅,0.8424596,1,1
1131, 爸爸 回家 做 功课 作者简介 欧阳龙 深情 顾家 天蝎座 欧阳妮妮 岁 人物二 岁 人物一 岁 爸爸,0.826995,1,0
1138, 家庭 人物 女儿 四姐妹 人物二 人物一 牧野晶 牧野冬,0.8170957,1,1
1153, 封 人物二 敬贤妃 封 金碧瑶 英德 妃 人物一 李选侍,0.86989135,1,1
1154, 封 人物二 静贤妃 封 金碧瑶 英德 妃 人物一 李选侍,0.8701497,1,1
1158, 几日 姚芊芊 终 被选为 正妃 内心 十分 痛苦 挣扎 人物二 人物一 金碧瑶 当上 侧妃 各怀 想法,0.84407336,1,1
1161, 爸爸 回家 做 功课 作者简介 欧阳龙 深情 顾家 天蝎座 人物二 岁 欧阳娜娜 岁 人物一 岁 爸爸,0.8259773,1,0
1168, 刘皇后 结发 之妻 正室 生 嫡长子 李宪 追 谥 皇帝 人物二 代国 公主 人物一 婉 武则天 勒令 处死 追 谥 肃明 顺圣 皇后,0.8684085,1,1
1193, 人物一 人物二 碰巧 发现 教室 里 隐身人 想 知道 隐身人 秘密,0.84139746,1,1
1194, 人物二 鲍尔 历险记 人物 介绍 人物一 学习成绩 不高 学校 老师 喜欢 那种 乖孩子 心地善良 正义 勇敢 身上 故事,0.8037168,1,1
1204, 时间 一分一秒 流逝 打开 锁 人物二 笑容 永远 找 回来 人物一 朋友 永远 锁 锁国 里,0.8043799,1,0
1205, 今天 中国 大陆 岁 很少 知道 笔下 人物一 人物二 舒克和贝塔,0.8492266,1,0
1210, 笔下 人物一 人物二 罗克 舒克和贝塔 影响 中国 两代 孩子,0.81652385,1,1
1211, 人物一 肥皂 订书机 内容梗概 经历 丰富 登峰造极 人物二 这回 感到 吃惊 肥皂 做 这架 订书机 竟然 随意 装订 历史,0.8311537,1,1
1216, 说 年代 出生 郑渊洁 有着 别样 感情 人物一 人物二 童话 形象 曾经 滋养 幼时 心灵,0.81533843,1,0
1223, 人物一 罐头 小人 内容简介 人物二 开 午餐 罐头 时 发现 里面 没有 肉 五个 火柴 大小 小人,0.8131421,1,0
1224, 内容梗概 人物一 人物二 舒克 贝塔 打扑克 发现 少 一张 红桃,0.85317564,1,1
1227, 人物二 刚 走 两步 时 人物一 点着 一个 小炮 扔 妹妹 脚旁,0.84619415,1,1
1232, 人物二 人物 来源 结束 新年 迎来送往 之后 郑渊洁 决定 山西 家里 创造 一个 中国式 童话 人物 人物一,0.8221201,1,1
1234, 长影 集团 党委书记 兼 长影 世纪 城 董事长 刘丽娟 宣布 人物一 人物二 成为 长影 世纪 城 吉祥物 郑渊洁 互赠 礼物,0.8052328,1,0
1243, 笔下 人物一 人物二 罗克 舒克和贝塔 影响 中国 三代 孩子,0.8145586,1,1
1244, 大侠 人物一 阴差阳错 人物二 笑容 弄 丢 盗走 笑容 竟然 手中 魔方,0.8283116,1,1
1245, 人物一 人物二 星辰 变 世界 里 成为 对手 会 化解 危机 回到 现代 时空,0.82086414,1,0
1250, 一个 偶然 机会 红 沙发 音乐 城 人物二 发现 家里 红 沙发 传出 悦耳 音乐声 人物一 保守 秘密 如痴如醉,0.8403682,1,0
1252, 笔下 人物一 人物二 舒克 贝塔 罗克 中国 拥有 亿万 读者 成年人 吸引 童话 被誉为 适合 全家 所有人 阅读,0.8002801,1,0
1262, 这是 一个 璀璨夺目 奇思妙想 好像 人物一 人物二 重新 回到 回忆 中,0.8397389,1,0
1275, 鲍尔 历险记 人物二 一次 活动 中 获得 一个 可爱 大熊猫 鲍尔 人物一 橘子汁 之后 竟然 活 过来,0.80256796,1,1
1280, 笔下 人物一 人物二 罗克 舒克和贝塔 影响 两代 中国 孩子,0.81652385,1,1
1282, 笔下 人物一 人物二 罗克 舒克 贝塔 影响 中国 三代 孩子,0.8024725,1,1
1284, 瓜国里 没有 找 人物二 笑容 人物一 帮助 笑 不出 声儿 瓜民们 恢复 笑声,0.81191033,1,1
1292, 笔下 人物一 人物二 舒克 贝塔 罗克 中国 拥有 亿万 读者 成年人 吸引 童话 被誉为 适合 全家 所有人 阅读,0.8002801,1,0
1296, 人物二 侦探 乔 麦皮 人物 介绍 人物一 学习成绩 不高 学校 老师 喜欢 那种 乖孩子 心地善良 正义 勇敢 身上 故事,0.80887955,1,1
1298, 郑渊洁 完全 一个 开放 态度 支持 人物一 人物二 魔方 大厦 结合,0.8301845,1,1
1304, 内容简介 人物一 人物二 双胞胎 兄妹 中国 孩子 中是 几乎 无人不晓 传奇人物,0.81115,1,1
1305, 人物二 人物一 孪生 妹妹 比起 令 老师 父母 头疼 哥哥 家长 老师 眼中 优等生 乖巧 懂事 认真学习 成绩,0.8423584,1,1
1311, 人物一 人物二 故事 内容简介 人物一 人物二 双胞胎 兄妹 中国 孩子 中是 几乎 无人不晓 传奇人物,0.8184933,1,1
1314, 人物一 人物二 故事 郑渊洁 著 学苑 出版社 出版 图书,0.800238,1,0
1316, 笔下 人物一 人物二 舍克 贝塔 罗克 影响 中国 几代人 成长,0.8131192,1,1
1320, 人物一 人物二 好玩 经历 收集 卷 郑渊洁 童话 全集 里 以后 会 陆续 知道,0.8044027,1,0
1324, 人物二 故事 内容 介绍 人物一 人物二 双胞胎 兄妹 中国 孩子 中是 几乎 无人不晓 传奇人物,0.8374189,1,1
1325, 人物二 人物一 孪生 妹妹 比起 令 老师 父母 头疼 哥哥 家长 老师 眼中 优等生 乖巧 懂事 认真学习 成绩,0.8423584,1,1
1328, 人物二 和红 汽车 历险记 人物 介绍 人物一 学习成绩 不高 学校 老师 喜欢 那种 乖孩子 心地善良 正义 勇敢 身上 故事,0.8031801,1,1
1330, 人物一 人物二 一对 双胞胎 兄妹 一天 人物二 帮助 妈妈 做饭 发现 藏 罐头 里 五个 小人,0.82917255,1,1
1331, 人物一 人物二 双胞胎 兄妹 中国 孩子 中是 几乎 无人不晓 传奇人物,0.80934054,1,1
1334, 创作 童话 人物 人物一 人物二 舒克 贝塔 罗克 成为 亿万 小朋友 心中 明星 影响 几代人 成长,0.8035763,1,1
1340, 人物一 和红 沙发 音乐 城 内容梗概 人物二 听诊器 听到 家里 沙发 里 传出 音乐声 音乐 非常 好听,0.8478029,1,0
1343, 人物二 人物一 孪生 妹妹 比起 令 老师 父母 头疼 哥哥 家长 老师 眼中 优等生 乖巧 懂事 认真学习 成绩,0.8423584,1,1
1344, 人物二 水晶 兔 人物 介绍 人物一 学习成绩 不高 学校 老师 喜欢 那种 乖孩子 心地善良 正义 勇敢 身上 故事,0.8047345,1,1
1349, 本剧 讲述 人物一 魔方 大厦 冒险 人物二 鲍尔 历险记 富有 科幻 色彩 充满 童真 童趣 故事 孩子 传递 健康 向上 正 能量,0.81689334,1,1
1352, 人物一 成为 皇后 获得 女人 显赫 地位 成帝 宠爱 渐渐 以往 成帝 更为 宠爱 妹妹 人物二,0.8804495,1,1
1353, 后来 听说 一个 妹妹 人物二 长得 非常 漂亮 温柔 妩媚 人物一 自愧不如 便 下令 招入 宫中 姐妹 俱为 婕妤 贵倾 后宫,0.8405347,1,1
1357, 人物一 人物二 责任 坏 女人 主要 责任 君王 身上,0.8405756,1,1
1375, 人物一 一听 妹妹 不认账 气得 抓起 桌上 酒杯 人物二 砸 过去 老鼠 想 咬,0.848729,1,1
1377, 竟 穿越 汉朝 成 臭名昭著 祸水 人物二 姐姐 人物一 争抢 同一个 男人 究竟 发生,0.8535486,1,1
1388, 竟 穿越 汉朝 成 祸水 人物二 姐姐 人物一 争抢 同一个 同一个 男人 究竟 发生,0.85051584,1,1
1417, 燕赤凤 汉书 中 人物一 人物二 两姐妹 汉书 有云 自鸿嘉后 稍 隆于 宠,0.8640537,1,1
1419, 六月 封 人物一 皇后 封 人物二 为昭仪 大赦天下,0.8626995,1,1
1423, 后来 人物一 人物二 姐妹 入宫 受宠 十分 嫉妒 班婕 汉成帝 心目 中 地位 便 设计 陷害 班婕,0.86717534,1,1
1425, 人物 亦念子 帝姬 刘骜 人物一 人物二 甄宓 曹丕 曹植 曹操 李隆基 杨玉环,0.843351,1,1
1426, 说 麝香 放入 妓女 肚脐 避孕 堪称 中国 红颜 祸水 人物一 人物二 两 姊妹 记载 采取 避孕措施,0.8202682,1,1
1432, 人物一 大方 不像 女人 争风吃醋 可能 有福同享 可能 加强 阵营 妹妹 人物二 介绍 进来 供 成帝 享用,0.85042083,1,1
1443, 人物一 听 妹妹 诉说 感动 眼泪 直流 头上 紫玉九雏钗 取下 簪 人物二 发髻,0.8604675,1,1
1445, 后来 听说 一个 妹妹 人物二 长得 非常 漂亮 温柔 多情 人物一 自愧不如 便 下令 招入 宫中 姐妹 俱为 婕妤 贵倾 后宫,0.8402154,1,1
1462, 一条 人影 缓缓 飘至 看着 妹子 眼神 满是 宠 溺之色 人物二 愤愤 住手 拉着 人物一 胳膊 哥 明天 臭手 扔 喂狗,0.80716074,1,1
1466, 苏旷 存心 取笑 伸手 捏 人物二 胖乎乎 脸蛋 看见 人物一 冰冷 目光 讪笑 收回 手来,0.8429424,1,1
1470, 人物一 黑冰 剧本 觉得 本子 写 不错 担心 怀孕 拍戏 危险 说服 人物二 黑冰 晚点 生 孩子,0.81216747,1,1
1475, 孙玉厚 路遥 平凡 世界 里 一个 伟大 父亲 人物一 孙少平 孙 兰花 人物二 四个 优秀 子女,0.8457279,1,1
1477, 详细 介绍 平凡 世界 中 人物二 孙家 最小 孩子 孙玉厚 女儿 人物一 孙少平 妹妹,0.8160947,1,1
1478, 最大 成就 事情 最大 成就 培养 出 人物一 孙少平 人物二 三个 优秀 子女,0.83974016,1,1
1479, 人物二 详细 介绍 平凡 世界 中 人物二 孙家 最小 孩子 孙玉厚 女儿 人物一 孙少平 妹妹,0.8257474,1,1
1484, 人物一 蒙古 公主 赵敏 青梅竹马 小伙伴 周芷若 表妹 人物二 少女 小昭 爱幕 不知所措 难以 取舍,0.8896537,1,1
1486, 赵敏 抓住 六大 派 峨嵋派 手中 夺得 倚天剑 人物一 小昭 赵敏 周芷若 人物二 一起 接 金毛狮 王 谢逊 回 中原,0.84992504,1,0
1494, 人物一 刁蛮 可人 蒙古 公主 赵敏 青梅 竹骊 周芷若 表妹 人物二 明教 侍女 小昭 爱幕 不知所措 难以 取舍,0.8846285,1,1
1495, 万安 寺 中 临危受命 答应 灭绝师太 接任 掌门 荒岛 使计害 人物二 嫁祸 赵敏 拿走 屠龙刀 倚天剑 人物一 订立 婚约,0.8659193,1,1
1523, 柳 银环 生 龙凤胎 男叫 人物一 女 人物二,0.8739768,1,1
1527, 人物一 人物二 小说 中 薛仁贵 之子 女,0.82411325,1,1
1532, 年 人物一 传奇 饰 人物二,0.8009208,1,0
1534, 程咬金 听 少女 人物二 羞涩 含蓄 回报 明白 窦仙童 看上 人物一 听 更为 羞涩 含蓄 汇报 明白 窦一虎 看上 人物二,0.81313443,1,1
1549, 到来 会 杨过 小龙女 带来 改变 人物二 人物一 薄命 红颜 命运 是否 会 改变 下去 知道,0.80179286,1,0
1552, 遇到 柯镇恶 之后 一定 马上 嘉兴 人物一 人物二 住所 旁边 民房 里面 找段 老 中间 不要 做 段 老将 过世,0.8086738,1,0
1554, 人物二 最后 归宿 人物一 寻回 儿时 玩伴 表姊 自小 便 三分 表姊 真心 维护 能力 做,0.84636897,1,1
1555, 两口 相差 半载 年纪 人物一 秀雅 文静 人物二 却是 十分 活泼 两个 性格 截然不同,0.83068776,1,1
1560, 少年 发誓 决计 不会 姑姑 独守 十六年 寂寞 李莫愁 闲身 空恨 不会 人物一 人物二 苦熬 年华,0.83982825,1,0
1564, 人物一 听 这话 不禁 生气 挂念 杨过 无意 争 闲气 示意 人物二 找 杨过,0.8325446,1,0
1568, 李莫愁 於 绝情谷 身中 情花 之毒 武氏兄弟 人物一 人物二 围攻 最终 葬身 於 火海 之中,0.8560035,1,1
1575, 小龙女 经历 是否 会 不同 人物一 人物二 是否 还会 孤独 一生,0.837919,1,0
1577, 杨过 告别 人物二 人物一 后于 山岭 间 信步而行 时 无意 中 遇到 金轮法王 师徒 一行 帮 疗伤 杨过 要求 国师 帮 报仇,0.8375998,1,0
1578, 性情 内敛 武功 中 表妹 人物二 武功 低微 牙 尖嘴利 往往 自不量力 惹事生非 得罪人 人物一 收场,0.8588093,1,1
1586, 不想 改变 南帝 变 东邪 变 郭靖 变 黄蓉变 杨过 变 小龙女 变 人物一 变 人物二 变,0.80044454,1,0
1594, 人物二 得寸进尺 演完 第一个 打通 手机 哥哥 人物一 说 老妹 演得 进步 特别 语言 哥哥 觉得 满意,0.8224437,1,1
1595, 人物一 站 一动 不敢 动 人物二 走 妈妈 身边 摇着 妈妈 手 说 妈妈 饿 哥哥 炒,0.81912214,1,1
1597, 月 日 人物一 生日 人物二 拎 一只 大大的 蛋糕 找 一帮 朋友 医院 里 哥哥 过生日,0.8184545,1,0
1599, 人物一 表演 人物二 每场 落 一部 不少 认真 观看 发现 哥哥 问题 马上 会 指出,0.8484833,1,0
1600, 一天 晚上 父母 演出 人物一 问 人物二 月儿 想 吃 炒面 ﹖ 人物二 根本 知道 炒面 点头 同意,0.81921476,1,0
1602, 人物一 苏醒 人物二 赶回 团里 没 成家 平时 吃 食堂,0.84050053,1,1
1604, 实际上 小说 已经 写明 人物一 人物二 确实 贾府 贾珍 贾琏 贾蓉 花花公子 攻击,0.88358927,1,1
1609, 故事 贾琏 听从 人物一 主张 人物二 意见 外出 公干 路上 遇到 薛蟠 柳湘莲,0.8655882,1,0
1615, 一个 人物一 一个 人物二,0.8108419,1,1
1616, 红楼 二 尤 人物二 红楼 二 尤 人物 介绍 人物二 红楼梦 中 人物 尤氏 继母 带来 女儿 人物一 妹妹,0.80874705,1,1
1620, 出身 寒微 全书 人物 无一 血缘关系 尤老娘 后母 人物一 人物二 虽称 姐妹 却是 异父 异母 贾蓉 非 亲生,0.88616884,1,1
1627, 香菱 薛宝琴 人物一 人物二 邢岫烟 李纹 李绮 夏金桂 秋桐 小红 此人 争议 说 平儿 龄 官 娇杏,0.84220207,1,1
1631, 作者 身上 花 笔墨 少之又少 集中 回至 回 人物一 人物二 悲剧 中,0.8414282,1,1
1632, 红楼梦 中 尤老娘 人物一 人物二 之母 宁国府 当家 奶奶 尤氏 继母 一个 看似 极 不起眼 小人物,0.84320885,1,1
1636, 尤者 红楼梦 里 人物一 人物二 尤 孤独 地以 极端 女性 之姿 盛放 男权 社会 中 套 一句 时髦 应该 非常 女人,0.8239843,1,1
1638, 说 金陵 十二钗 副册 香菱 薛宝琴 人物一 人物二 邢岫烟 李纹 李绮 夏金桂 秋桐 平儿 龄 官 娇杏,0.84356105,1,1
1654, 人物一 原是 花为 肠肚 雪作 肌肤 弱女子 不同 显然 人物二 反宾为主 竟是 两个 花花公子 式 人物 震,0.85154307,1,1
1656, 金陵 十二 副钗 说 金陵 十二钗 副册 香菱 薛宝琴 人物一 人物二 邢岫烟 李纹 李绮 夏金桂 秋桐 平儿 龄 官 娇杏,0.8328857,1,1
1663, 可惜 人物二 没有 机会 王熙凤 照面 死 人物一 失去 妹妹 魔窟 中 说 更加 孤立无援,0.8235684,1,1
1668, 姓 贾 害死 秦可卿 贾珍 害死 人物一 贾琏 害死 贾迎春 孙绍祖 害死 人物二 柳湘莲 皮肤 滥淫者 两样,0.88708246,1,1
1669, 红楼梦 中 二 尤 红楼 二 尤即 指 人物一 人物二 两个,0.83596617,1,1
1672, 人物一 人物二 继母 姐妹 姨娘 辈分 贾蓉 竟然 没有 一点 廉耻 羞耻之心 马上 进行 调情 调笑 二是 随意 胡来,0.8403844,1,1
1684, 人物二 一个 爱 发脾气 贪钱 物质 女人 人物一 却是 一个 性格 温和 慈祥 老奶奶,0.821249,1,1
1690, 人物一 助 龙溟 盗鼎 一事 发生 人物二 姐姐 行为 百思不解 事 藏 心里 面 不再 对人 提起,0.83468443,1,1
1695, 龙幽 临走前 告诉 人物二 蜀山 禁洞 中 遇到 人物一 鬼魂 惦记 妹妹,0.8488447,1,1
1699, 面对 归还 神农 鼎 夏侯瑾轩 人物二 询问 是否 真的 没有 见到 姐姐 人物一 瑕 觉得 抱歉,0.8159233,1,1
1701, 草谷 觉得 没有 不妥 人物二 不用 人物一 承担,0.8247835,1,1
1753, 建元 元年 年 三月 人物一 封为 皇后 人物二 封为 右 皇后,0.8572262,1,1
1754, 当官 设法 两个 女儿 人物一 人物二 嫁给 皇帝 刘聪,0.8550427,1,1
1759, 人物一 水浒传 中 人物 梁山 人物二 哥哥 扈家庄 庄主 之子 绰号 飞天 虎,0.848917,1,1
1763, 说 扈家庄 时 便 说 庄主 扈太公 一个 儿子 飞天 虎 人物一 一个 女儿 一丈 青 人物二 两口 日月 双刀 并称 英雄,0.8065345,1,1
1766, 事成 李逵 起到 扈家庄 扈家庄 无防备 竟 灭门 唯 人物一 逃脱 人物二 宋江 做主 嫁给 矮脚 虎 王英,0.8499673,1,1
1775, 女 人物一 双胞胎 妹妹 人物二 团队 中国 女子 羽毛球队,0.8421987,1,1
1797, 同年 美国 女生 莲达 结婚 婚后 生 一子一女 取名 人物一 人物二,0.8021258,1,1
1801, 岁 人物二 失去 父亲 疼爱 父亲 印象 后来 照片 电影 妈妈 哥哥 人物一 回忆 中 得到,0.82163364,1,1
1806, 岁 人物二 失去 父亲 疼爱 父亲 印象 后来 照片 电影 妈妈 哥哥 人物一 回忆 中 得到,0.82163364,1,1
1808, 同年 美国 女生 琳达 结婚 婚后 生 一子一女 取名 人物一 人物二,0.8026754,1,1
1817, 人物一 炎帝 神农 洞 月 幽之境 中 守护 梭罗 仙树 梭罗树 仙 人物二 孪生 姐姐,0.80978733,1,1
1820, 人物一 人物 简介 人物一 炎帝 神农 洞 月 幽之境 中 守护 梭罗 仙树 梭罗树 仙 人物二 孪生 姐姐,0.8081299,1,1
1821, 人物二 仙剑 奇侠传 剧情 人物 炎帝 神农 洞 月 幽之境 中 守护 梭罗 仙树 梭罗树 仙 人物一 孪生 妹妹,0.80226743,1,1
1822, 人物一 见 人物二 决心 告诉 众人 线索,0.8592011,1,0
1828, 宋缺 人物 介绍 家庭成员 二弟 宋智 族弟 宋鲁 长女 宋玉华 女婿 解 文龙 幼女 人物二 女婿 寇仲 次子 人物一 儿媳 商秀珣,0.83122784,1,1
1840, 固伦纯禧 公主 固伦荣宪 公主 和硕端静公主 固伦 恪靖 公主 固伦纯 悫 公主 人物一 人物二,0.82234555,1,1
1847, 海宽 女 生 爱新觉罗 胤 祥 人物一 人物二,0.86857027,1,1
1856, 国内 教育 体系 钱学森 子女 应该 大学 时 极大 破坏 钱学森 子女 人物一 人物二 没有 得到 堂兄弟 发展 环境,0.81830573,1,1
1857, 那年 人物一 岁 妹妹 人物二 岁,0.8268904,1,1
1869, 年 步步 惊情 饰 人物二 人物一 天涯 织女 主要 人物,0.82241833,1,1
1875, 雪飘 人间 雪飘 二字 取自 女儿 人物一 二女儿 人物二 名字 中 两个 字,0.83260703,1,1
1901, 人民网 中国 大学生 年度人物 候选人 人物一 人物二 事迹 中国 大学生 年度人物 二十大 提名,0.80160064,1,1
1905, 人物二 女 年 出生 英文 名为 哥哥 人物一 著名 音乐 周华健 女儿 台湾 就读 英国 学校,0.8182721,1,0
1906, 人物 经历 人物二 女 年 出生 英文 名为 哥哥 人物一 著名 音乐 周华健 女儿,0.81677896,1,1
1909, 人物一 父亲 太平洋 电线电缆 集团 前 董事长 孙道存 母亲 元 证券 副董事长 何念慈 名媛 人物二 姐姐,0.8183525,1,1
1910, 人物一 个人 生活 人物一 父亲 太平洋 电线电缆 集团 前 董事长 孙道存 母亲 元 证券 副董事长 何念慈 名媛 人物二 姐姐,0.8138899,1,1
1913, 前夫 孙道存 抢先 结婚 何念慈 得到 儿女 祝福 人物一 人物二 出席 母亲 婚礼 婚礼 致词 祝福 母亲,0.8016302,1,1
1929, 几日 姚芊芊 终 被选为 正妃 内心 十分 痛苦 挣扎 人物一 人物二 金碧瑶 当上 侧妃 各怀 想法,0.8440733,1,1
1945, 宋缺 人物 介绍 家庭成员 二弟 宋智 族弟 宋鲁 长女 人物一 女婿 解 文龙 幼女 人物二 女婿 寇仲 次子 宋师道 儿媳 商秀珣,0.8316054,1,1
1950, 人物二 械 力 人物一 医道 寒信 智慧 小镖 顽强 坚信 胜利 心 心 之间 产生 羁绊 将会 唤醒 奇迹,0.83250254,1,1
1954, 家族 成员 皇后 元昭皇后 晁氏 晁 皇后 生 唐懿宗 人物一 人物二 晁美人 逝世 追封 昭容 皇太后 追 谥 元昭皇后,0.86884147,1,1
1956, 长女 可封 人物一 第二 女可封 永福 公主 第三 女可封 西华 公主 第四 女可封 人物二 第五 女可封 和义公主 第六 女可封 饶安公主,0.8387939,1,1
1963, 司徒静 司徒剑南 人物二 事情 进宫 求 朱允 出面 帮忙 不巧 准备 拦 人物一 陈林 一并 拦 宫城 之外,0.81320214,1,1
1965, 司徒静 求 朱允 成全 司徒剑南 人物二 朱允 正要 赐婚 遭 人物一 太后 文章 拼命 阻拦,0.847208,1,1
1971, 人物二 主要 成员名单 萧蔷 饰 人物一 姐姐,0.80855525,1,1
1972, 电视剧 中 人物一 神偷 司空摘星 女儿 楚留香 红颜 知己 人物二 义姐,0.82753783,1,1
1974, 动漫 妹妹 大阪 大妈 中 角色 人物一 妹妹 人物二 一个 外貌 相当 可爱 高中 一年级 学生,0.822579,1,1
1977, 父亲 蒋孝武 妻子 人物二 哥哥 人物一 经营 事业有成 母亲 主持 红豆 食府 餐厅,0.856142,1,1
1984, 苏州 之北 三十里 一座 荒山 之中 捉住 穆念慈 摆蛇阵 逼 人物一 交出 九阴真经 人物二 箫声 退,0.84249187,1,1
1994, 苏州 之北 三十里 一座 荒山 之中 捉住 穆念慈 摆蛇阵 逼 人物一 交出 九阴真经 人物二 扮作 青衣 怪人 箫声 退,0.8297641,1,1
1998, 人物二 找寻 女儿 打破 誓言 离开 桃花岛 太湖 归云庄 发现 黄蓉 郭靖 救 杨康 而来 人物一,0.82671326,1,1
2006, 后来 郭靖 人物一 捉住 黄蓉 认出 欺骗 说 人物二 将来 人物一 帮助 二人 脱困,0.8680197,1,1
2008, 陈玄风 人物一 互生 爱慕 恐 人物二 性格 怪癖 不予 应允 决定 窃取 师父 九阴真经 下卷,0.8596281,1,1
2014, 后来 郭靖 人物一 捉住 黄蓉 认出 欺骗 说 人物二 将来 人物一 帮助 二人 脱困,0.8680197,1,1
2016, 人物二 回答 说 有个 人物一 最好 学习 从不 怒火 转移 身上 再犯 同样 过失,0.8126834,1,0
2026, 人物一 找到 米 烧火 做饭 人物二 看见 人物一 甑 中 抓饭 吃,0.85794586,1,1
2032, 清楚 发现 人物二 爱 学生 爱 人物一 爱子 路 爱子 贡,0.83255726,1,0
2040, 千百年来 中国 精神 贵族 命运 人物二 流亡 陈蔡 屈原 天下 人物一 不改其乐 命运 选择 选择 命运,0.81892246,1,1
2046, 人物二 看见 人物一 用手 抓 锅里 饭 吃,0.8523631,1,1
2061, 人物二 家语 人物一 达 於 情性 之理 通 於 物类 之变 知 幽明 之故 覩 游气 之原 若此 可谓 成人,0.8304336,1,1
2063, 汉高帝 人物一 配享 人物二 祀 太牢 三国 魏 正始 年间 此举 定为 制度 历代帝王 封赠 有加 无不 尊奉 颜子,0.8042145,1,1
2071, 一章 人物二 人物一 学问 道德 接近 完善 在生活上 常常 贫困 深感 遗憾,0.8333056,1,1
2085, 雍 译文 人物二 说 人物一 心 长时间 离开 仁德 学生 只能 短时间 做到 仁,0.80278105,1,0
2086, 人物二 曰 人物一 好学 迁怒 贰,0.8792878,1,0
2095, 人物二 曾经 称赞 说 人物一 好学 迁怒 不二 一箪食 一瓢 饮 居 陋巷 不堪其忧 回 不改其乐 贤哉 回,0.8240384,1,0
2098, 一天 人物二 故意 问 子贡 人物一 相比 到底 强,0.83133006,1,0
2107, 闻一知十 成语 典故 人物二 两个 得意 学生 一个 子贡 一个 人物一,0.8178445,1,1
2108, 人物二 说 人物一 一个 选择 中庸之道 得到 好处 牢牢地 放在心上 再也 不让 失去,0.8038961,1,1
2109, 人物一 人物二 面前 连屁 不敢 放 一个 子路 没 心眼 经常 鼻子 鼻子 脸 脸 老师 下不来台,0.8032939,1,1
2121, 屡空 作品 赏析 一章 人物二 人物一 学问 道德 接近 完善 在生活上 常常 贫困 深感 遗憾,0.8315669,1,1
2122, 盗 跖 长寿 人物二 人物一 遭受 困厄 上天 没有 表现 真实 意愿 缘故,0.8514769,1,1
2129, 人物一 攫食 翻译 人物二 陈国和 蔡国 之间 地方 缺粮 受困 饭菜 全无 七天 没 吃 米饭,0.8014485,1,1
2133, 人物二 曰 人物一 好学 迁怒 贰,0.8792878,1,0
2148, 看着 钱袋 人物二 想起 刚才 称赞 人物一 批评 子贡 感到 脸上 火辣辣,0.81613284,1,1
2172, 译文 人物一 问 人物二 说 曾经 渡 一个 叫做 觞 深 深潭 摆渡 船夫 划船 技术 简直 出神入化,0.8181751,1,1
2176, 人物二 认为 得意 弟子 论语 中 记载 人物一 处 总是 称赞,0.8577602,1,0
2189, 人物二 回答 说 一个 人物一 学生 好学 从不 迁怒于 从不 重犯 同样 过错,0.8168186,1,1
2194, 白天 睡 人物一 讨米 讨 回来 煮饭 快要 熟 时 人物二 看见 人物一 用手 抓 锅里 饭 吃,0.8237055,1,0
2225, 人物一 攫 甑 释意 人物二 陈国和 蔡国 之间 地方 缺粮 受困 饭菜 全无 七天 没 吃 米饭,0.8108806,1,1
2231, 范仲淹 艰涩 生活 有点像 人物二 贤徒 人物一 一碗 饭 一瓢 水 陋巷 叫苦连天 依然 乐在其中,0.8265733,1,1
2232, 人物二 赞叹 人物一 吃 竹筐 饭 喝 一瓢 水 住 陋巷 一个 贤人,0.8012221,1,1
2241, 三千 弟子 中 人物二 喜欢 学生 人物一 好学不倦 始终 努力 实践 人物二 理想 迁怒 贰 修养,0.85382897,1,0
2245, 子贡 出去 以后 人物一 进来 人物二 问 同样 问题,0.82765746,1,0
2250, 孝理 东西 可谓 博大精深 大贤 人才 懂得 奥妙 人物二 人物一 传授 寄托 参,0.8562003,1,1
2261, 意谓 人物一 听 人物二 讲学 从不 提 不同 看法 好象 愚笨,0.8533228,1,1
2264, 人物二 称赞 人物一 一个 贤德 箪食瓢饮 俭朴 生活 身处 陋巷 不堪其忧 视此 真正 快乐 担当,0.82098526,1,1
2269, 人物二 回答 说 有个 人物一 最好 学习 从不 怒火 转移 身上 再犯 同样 过失,0.8126834,1,0
2283, 人物一 请教 人物二 说 孟孙才 母亲 死 哭泣 时 没有 一滴 眼泪 心中 不觉 悲伤 居丧 时 哀痛,0.8080046,1,0
2285, 列子 黄帝 篇 译文 人物一 问 人物二 说 曾经 渡 一个 叫做 觞 深 深潭 摆渡 船夫 划船 技术 简直 出神入化,0.80973405,1,1
2288, 人物一 偷食 译文 人物二 陈国和 蔡国 之间 地方 受困 缺粮 饭菜 全无 七天 粒米 未进 体力不支 白天 只能 躺 休息,0.8111809,1,1
2289, 胡道 满 人物二 哭 人物一 中 运用 喉音 双音 代唱 吹奏 独具一格 似 秦腔 中 哭 唱,0.806355,1,1
2296, 人物二 人物一 评价 中 特别 谈到 迁怒 贰 这两点 从中 看出 人物二 教育 学生 重在 培养 道德 情操,0.84140664,1,1
2303, 看到 隆德 会 看到 内敛 沉静 深厚 令人 想到 人物二 学生 人物一 评价 贤者 回,0.81082046,1,0
2315, 人物二 听 柳 下季 劝告 弟子 人物一 驾车 一个 弟子 子贡 当侍 前去 会见 盗 跖,0.8525097,1,0
2317, 作品 赏析 一章 人物二 人物一 学问 道德 接近 完善 在生活上 常常 贫困 深感 遗憾,0.8356118,1,1
2324, 人物二 曰 人物一 好学 迁怒 贰 不幸 短命 死,0.8670108,1,0
2326, 听 伯牙 问话 打柴 笑 回答 先生 刚才 弹 人物二 赞叹 弟子 人物一 曲谱 可惜 弹到 第四句 琴弦 断,0.8262834,1,0
2334, 一次 人物二 抓住 人物一 饮食起居 问题 发挥 一通 认为 人物一 太 高尚 可能 做到 事 做到 值得 学习,0.83685285,1,0
2335, 人物一 谦逊 好学 迁怒 贰 异常 尊重 老师 人物二 无事 无言 不悦,0.85388136,1,1
2342, 人物二 回答 说 一个 人物一 学生 好学 不幸 短命 死,0.83604395,1,0
2350, 人物二 问 子贡 人物一 一个 强,0.8459344,1,1
2366, 人物二 哭 悲伤 说道 人物一 好学 弟子 学生 更加 亲近,0.864257,1,0
2370, 论语 雍 人物二 曰 人物一 好学 不迁始 贰,0.8869749,1,0
2371, 本文 写 人物二 子贡 讨论 人物一 子贡 两人 中 最好 一段 谈话,0.8209368,1,0
2374, 圣 柳下惠 柳下惠 人物 简介 人物二 至圣 孟子为 亚圣 人物一 复圣 参为 宗圣 圣为 柳下惠,0.80069673,1,1
2378, 人物二 回答 说 有个 人物一 学生 喜欢 学习 怒气 转移 头上 重复 犯 同样 错误,0.8278836,1,0
2385, 人物二 曰 人物一 好学 迁怒 贰,0.8792878,1,0
2395, 人物二 说 曾经 有个 人物一 学生 好学 乱 发脾气 不犯 两次 错误 不幸 短命 死,0.84657806,1,0
2429, 人物一 没有 办法 回答 进入 内室 告诉 人物二,0.8052555,1,0
2435, 人物一 回答 其师 人物二 所问 不去 入仕 问题 时说 回有 郭外 之田 五十亩 足以 飦 粥 郭内 之田 十亩 足以 丝麻,0.81540096,1,1
2461, 人物二 回答 说 有个 人物一 最好 学 从不 脾气 发到 身上 重犯 同样 错误,0.80139023,1,0
2462, 正 准备 打发 走 樵夫 当即 说 大人 刚才 弹 曲子 莫不是 人物二 叹 人物一 中 段落,0.8062151,1,0
2478, 人物二 两个 得意门生 一个 子贡 一个 人物一,0.81932175,1,1
2482, ⑤ 醯 鸡句 庄子 田子方 载 人物二 见 老 聃 问道 人物一 说 丘之于 道 犹 醯 鸡,0.80077523,1,0
2499, 人物二 回答 人物一 学生 爱好 学习 从来 怒气 转移 身上 重复 犯 同样 过错,0.812263,1,1
2501, 人物二 曰 人物一 好学 迁怒 贰,0.8792878,1,0
2538, 人物二 说 人物一 心 长时间 离开 仁德 学生 只能 短时间 做到 仁,0.80686724,1,0
2543, 人物二 看见 人物一 用手 抓 锅里 饭 吃,0.8523631,1,1
2547, 人物二 认为 子贡 均 不及 人物一 子贡 居于 一个 层次,0.85904235,1,1
2553, 人物二 见状 大为 赞赏 人物一 人品 一清二楚 自此 诬陷 人物一 偷盗 便 严加 惩治 这件 事情 讲 众人 听,0.8405512,1,1
2554, 人物二 曰 人物一 好学 迁怒 ① 贰 ② 不幸 短命 死 ③,0.85460013,1,0
2567, 人物二 赞叹 人物一 箪食瓢饮 住 陋巷 不去 追名逐利 一个 贤人,0.8618327,1,1
2570, ④ 先师 先圣 祭祀 汉魏 以后 周公为 先圣 人物二 先师 唐代 尊 人物二 先圣 人物一 先师,0.8881614,1,0
2581, 人物二 赞叹 人物一 吃 竹筐 饭 喝 一瓢 水 处之泰然 自得其乐,0.8314711,1,1
2584, 人物一 一生 没有 做过 官 没有 留下 传世之作 只言片语 收集 论语 书 中 思想 人物二 思想 基本 一致,0.8111189,1,1
2586, 郑玄 笑 说 人物二 弟子 德行 言语 平事 文学 四种 科目 考察 人物一 子贡 学生 不称 官位 门第,0.8312696,1,0
2598, 古时候 没有 今天 空气污染 空气 透明度 非常 极目 千里 人物二 问 人物一 有没有 看到 苏州 阊 门,0.82515913,1,1
2607, 江苏 盐城 一带 四勿堂 取一 世祖 人物一 人物二 曰 格言 非礼勿视 非礼 勿 听 非礼 勿言 非礼 勿动 堂号,0.83271563,1,1
2622, 人物一 子贡 一个 更 有福 或许 人物二 会 偏向 子贡,0.8071978,1,0
2645, 颜巷 释义 人物二 赞叹 人物一 吃 竹筐 饭 喝 一瓢 水 住 陋巷 一个 贤人,0.8044986,1,1
2656, 人物一 之德 核心 仁 人物二 仁 落实 个人 行动 中 停留 口头上,0.84806037,1,1
2657, 其三 鲁哀公 问 人物二 弟子 中 哪位 好学 人物二 说 人物一 好学 迁怒 贰 不幸 短命 死,0.849544,1,0
2668, 汉高帝 人物一 配享 人物二 祀 太牢 三国 魏 正始 年间 此举 定为 制度 历代 统冶者 封赠 有加 无不 尊奉 颜子,0.8040747,1,1
2699, 人物二 误会 理解 人物一 过程 提出 一个 意味深长 命题 眼见 现象 主观 臆断 往往 使人 不能 深入 了解 事物 本质,0.8079646,1,1
2729, ⑤ 醯 鸡句 庄子 田子方 载 人物二 见 老 聃 问道 人物一 说 丘之于 道 犹 醯 鸡,0.80077523,1,0
2731, 人物二 曰 人物一 好学 迁怒 贰 不幸 短命 死,0.8670108,1,0
2735, 人物二 回答 说 有个 人物一 最好 学 从不 脾气 发到 身上 重犯 同样 错误,0.80139023,1,0
2746, 庄子 王 人物二 穷 於 陈 蔡 之间 七日 不火食 藜 羹 糁 颜色 甚惫 弦歌 於 室 人物一 择菜,0.8470294,1,1
2754, 人物一 老师 极力 称颂 人物二 主张 十分 自信 认为 仁德 主张 边远地区 行得通,0.8550208,1,1
2755, 这段话 意思 说 一次 人物二 弟子 人物一 请教 达到 仁 境界 人物二 回答 说 努力 约束 行为 符合 礼 要求,0.80532724,1,0
2756, 论语 中 看到 人物二 人物一 叹息 勇 不足 不能 及时 批评 老师 过错 一再 批评 子路 勇气 过度 不足取,0.8248168,1,1
2776, 下面 庄子 描写 坐忘 故事 一次 人物一 告诉 人物二 说 功夫 大有 进步 忘 仁义 人物二 认为 不够 深刻,0.83885187,1,0
2779, 人物二 曰 人物一 好学 迁怒 贰,0.8792878,1,0
2788, 人物二 称赞 人物一 说 吃 一碗 干饭 喝 一瓢 白水 忍受 不了 这种 贫苦 生活 忧愁 人物一 改变 心中 快乐,0.8263642,1,1
2801, 人物二 最新 小品 终于 露出 庐山真面目 搭档 辽宁 籍 演员 人物一 杨冰 宋小宝 沈阳 没有 出现 小品 中,0.8224616,1,0
2848, 人物二 便 说 人物一 学习 已经 达到 升堂 程度 没有 入室,0.8119799,1,0
2855, 读 史 看到 人物二 围困 陈国和 蔡国 之间 弹琴 唱歌 声音 没有 断绝 颜渊 人物一 学生 互相 问答,0.82662773,1,1
2871, 译文 人物二 说 穿着 破旧 丝 棉袍子 穿着 狐 貉 皮袍 站 一起 认为 可耻 大概 人物一,0.8058086,1,1
2890, 人物二 欲 隳 三桓之城 费 郈 成 季桓子 听 人物一 劝谏 而令 隳 费 郈 费是 季氏 城邑 郈 叔 孙氏 城邑 孟氏 不愿 毁成,0.8293374,1,1
2925, 人物二 避鲁乱 讲学 亲见 人物一 率 百姓 负米 筑堤 盛况 叹 曰 事亲 可谓 生 事 尽力,0.867934,1,1
2930, 人物二 常 弟子 谈 志向 每次 人物一 抢先 发言 多数 谈 勇敢 教 勇敢 打仗,0.84821105,1,0
2957, 人物二 希望 人物一 能够 注意 衣装 打扮 符合 士族 地位,0.87300634,1,1
2966, 人物二 听 高兴 手扶 车子 一手 指着 子路 说 人物一 愚顽 粗劣 真是 难以 教化,0.81263834,1,0
2980, 人物二 说 人物一 拥有 千辆 兵车 国家 里 管理 军事 知道 是不是 做到 仁,0.8275641,1,0
3005, 这种 情况 人物二 一行 只得 兵团 演了 一场 一场 每演 一场 之后 人物二 会 兵团 领导 提 一次 调 人物一 事,0.8013029,1,0
3079, 事后 人物二 人物一 说 小姜 个人 老唐 嗓子 兵团 里 演 横,0.832291,1,1
3090, 丁弃 穿越 成 令狐冲 想 摆脱 人物二 掌控 命运 耍 一点 小聪明 派 人物一 家当 卧底,0.8428399,1,1
3093, 东方不败 最先 练成 那种 邪恶 武功 葵花宝典 辟邪 剑 谱 一种 武功 没 人物二 人物一 丧失理智,0.82306314,1,1
3096, 人物一 左冷禅 结盟 组建 辟邪 门 练习 耳力 设 计策 华山 思过 崖 秘洞 中 绝杀 五岳 剑 派 人士 剪除 人物二 党羽 消灭 人物二,0.8541348,1,1
3098, 总是 说 人物二 利用 岳灵珊 接近 人物一 害 女儿,0.84202176,1,1
3101, 人物一 书 中 最后 一现 左冷禅 一道 伏击 人物二 布局 华山 思过 崖 山洞,0.86687666,1,1
3102, 殊不知 人物二 挖 一个 非常 坑 跳 人物一 接下来 一生 掌控,0.83905,1,1
3104, 毕竟 人物二 真的 刺伤 人物一 总 不会 故意 知道 来害 女儿,0.8276984,1,1
3106, 后来 人物一 岳家 误会 刺伤 岳灵珊 本来 人物二 想到 控制,0.8891975,1,1
3114, 贪图 辟邪 剑法 伪君子 人物二 福州 阴错阳差 得到 辟邪 剑谱 便 欲 杀害 人物一 灭口,0.8308182,1,1
3117, 令狐冲 自幼 人物二 之女 岳灵珊 情投意合 岂料 人物一 出现 令 岳灵珊 转 投其 怀抱,0.89672464,1,1
3118, 劳德诺 人物一 投靠 左冷禅 人物一 心里 清楚 条 路可 走 嵩山 能合 谋杀 仇人 人物二 不会 拒绝,0.84703135,1,1
3121, 人物一 清楚 岳灵珊 不死 手里 必定会 折磨 死 人物二 仇家 青城派 嵩山 派 虎视眈眈,0.8598446,1,1
3125, 令狐冲 自幼 人物二 之女 岳灵珊 情投意合 岂料 人物一 出现 令 岳灵珊 转 投其 怀抱,0.89672464,1,1
3126, 令狐冲 遭到 人物二 冷落 一个 原因 人物一 辟邪 剑谱,0.87677914,1,1
3132, 希望 越大 失望 越大 伤心 伤身 更 伤重 难怪 比起 余沧海 木高峰 人物一 更加 鄙夷 曾经 敬爱 师父 人物二,0.8130793,1,1
3135, 任务 结局 受 合并 之后 五岳 派 掌门 人物二 邀请 带领 嵩山 派 精英 弟子 参观 思过 崖 秘洞 中 失传 五岳 派 精妙 剑招 最后 人物一 所杀,0.84776986,1,0
3137, 人物二 洛阳 人物一 外祖 王元霸 令狐冲 怀有 笑 做 江湖 曲谱 复见疑 于元 霸 父子 曲谱 林家 祖传 辟邪 剑谱,0.8495448,1,0
3140, 人物一 憎恨 人物二 薄待 岳灵珊 言语 仍然 不失 敬意 没有 做,0.8448744,1,1
3141, 人物二 令狐冲 华山 玉女峰 面壁 一年 悔过自新 实则 令狐冲 岳灵珊 隔离 开来 斩断 之间 情丝 人物一 取而代之,0.87367153,1,1
3143, 书中 说 人物一 比较 人物二 岳灵珊 崇敬 父亲 同样 稳重 虚伪 移情别恋,0.85294825,1,1
3145, 忠厚老实 看见 师父 杀 人物一 感到 震惊 喊 一声 惊动 人物二 引来 杀身之祸,0.840202,1,0
3146, 人物一 人生 蜕变 过程 来看 人物二 其实 一个 催化剂 更 根本 原因 命运 造成 世界 绝望,0.8316571,1,1
3168, 人物二 人物一 郑隐 葛洪 道术 实践 目的 基本上 个人性 葛巢甫 道术 实践 目的 很大 程度 超乎 个人 范围 涉及 全 社会,0.82289124,1,1
3170, 人物一 丹阳 郡 今属 江苏省 句容 三国 吴 道士 人物二 学 道 并入 深山 修道,0.8369535,1,0
3193, 戴宗 李逵 屋里 打闹 人物一 只好 老母 年迈 人物二 不放为 梁山,0.82751495,1,1
3194, 第五十三回 戴宗 智取 人物一 李逵 斧劈 人物二,0.8156958,1,0
3196, 再三 挽留 不住 乔道清 人物一 拜辞 宋江 便 往北 找 人物二,0.8411447,1,1
3203, 第五十二回 戴宗 智取 人物一 李逵 斧劈 人物二,0.83606255,1,0
3205, 第五十三回 戴宗 智取 人物一 李逵 斧劈 人物二,0.8156958,1,0
3207, 回 戴宗 二取 人物一 李逵 独劈 人物二,0.80562055,1,0
3213, 简本 水浒 中 戴宗 神行法 带同 人物一 前往 二 仙山 人物二 求取 降服 乔道清 法,0.83032244,1,1
3217, 人物二 传授 人物一 五雷 天罡 正法 下山 辅助 宋江 保国安民 替天行道 送 八字 真言 命 逢 幽而止 遇 汴,0.83014935,1,1
3219, 第五十二回 戴宗 二取 人物一 李逵 独劈 人物二,0.81165504,1,0
3224, 第五十三回 戴宗 智取 人物一 李逵 斧劈 人物二,0.8156958,1,0
3253, 陈家沟 刚进 人物二 门首 人物一 不觉 怔 只见 师傅 门前 景象 变 枯枝 残叶 铺满 青石 台阶 鸡狗 粪便 堆积 门前,0.82294077,1,1
3254, 人物一 素知 师傅 人物二 极爱 洁净 每天 早晨 必亲持 扫帚 院里 扫 门口 门口 扫 街心 一片 落叶 纸屑 不肯 漏下,0.823495,1,1
3270, 值得一提的是 最后 一演 人物二 更 出彩 角色 包袱 交给 扮演 精神病 徒弟 人物一,0.8565877,1,0
3271, 人物二 弟子 中 人物一 算是 比较 出 挑 一个,0.83246785,1,0
3272, 有意思 小品 中 小偷 人物一 送给 人物二 一本 盗墓 网友 调侃 南派 三叔 花 钱 植入 江苏 卫视 春晚,0.8350595,1,0
3281, 小品 中 爆点 连连 小偷 人物一 人物二 忽悠 俩 本家 亲切 爆粗 笑 爆 全场,0.8265644,1,1
3305, 人物二 最新 小品 终于 露出 庐山真面目 搭档 辽宁 籍 演员 赵海燕 杨冰 人物一 沈阳 没有 出现 小品 中,0.8222345,1,0
3307, 大量 网友 反映 小品 十分 搞笑 人物一 小品 中 极其 出彩 先后 两次 人物二 逗笑,0.8308599,1,0
3327, 近日 人物一 坦言 当初 没有 信心 接演 角色 受 师傅 人物二 钦点 没 自信 生演 出 自信,0.8280535,1,1
3335, 人物二 误以为 人物一 已经 投靠 敌人 十分 痛心 听信 宁珂 服下 撒旦 之果 失去 理智 珂 一起 来到 赤贯星,0.8160085,1,1
3346, 最终 九天 结界 封印 完成 众人 成功 阻止 魔界 入侵 人物一 不得已 诛杀 魔化 人物二 小雪 变回 女娲 石 原形,0.8332915,1,1
3352, 捕 陈氏 遗族 人物二 唯一 孙儿 代替品 救出 襁褓 中 人物一 带 江南 隐姓埋名 复国 重任 全 寄托 这位 小少主 身上,0.8399323,1,1
3361, 符鬼 来源 人物二 徒儿 人物一 一个 符鬼 之符 说 以后 一个 人有 困难 打开,0.8043407,1,1
3383, 一天 人物一 师父 人物二 说 已经 学会 传神 武功 迷踪 拳 请 收下 徒 我会 好好 努力,0.814549,1,0
3393, 人物二 大为吃惊 陈 真的 师兄 师姐 没 学会 武功 人物一 竟然 学得 炉火纯青,0.85408294,1,1
3422, 程 徒弟 人物一 梁小龙 饰 报仇 刘振声 一起 拜师 人物二,0.828816,1,0
3423, 事实上 历史 人物二 徒弟 记载 确实 人物一 传说 中,0.85385907,1,1
3439, 人物 信息 王秀芝 当年 万人空巷 观看 一部 香港 电视剧 王秀芝 人物二 中 人物一 相爱 日本 女子,0.8342063,1,0
3442, 人物一 人物 介绍 人物一 湖北 襄阳 居于 上海 徐汇区 中国 清末 武术家 人物二 弟子,0.82376295,1,0
3445, 说 倪匡 亚洲 电视节目 今夜 不设防 之中 说 陈 真是 真有 其人 报纸 人物二 治丧 名单 有着 人物一 名字,0.82013905,1,0
3448, 人物二 徒弟 人物一 石天龙 饰 师傅 报仇 杀 日本 领事 日本 浪人 追杀,0.8503533,1,0
3453, 武学 宗师 人物二 高雄饰 上海 设馆 授徒 机缘巧合 解救 初入 黑帮 人物一 甄子丹 饰,0.8184667,1,1
3457, 人物二 人物一 风靡 中国 内地 成为 世纪 年代 初 香港 最负 盛名 武打 明星,0.80410063,1,0
3461, 熟悉 新版 人物二 中 陈 真的 扮演者 吴越 舞台 一展 英雄 风姿 本月 日 人物一 大师 亲赴 北京 参加 排练,0.8133321,1,0
3471, 人物二 没 名气 人物一 认识 报菜名 知道 小剧场 干 杂活 师父 管吃 喝 师娘 星期 一百元,0.8300308,1,1
3505, 译文 人物一 人物二 学习 唱歌 没有 学完 人物二 技艺 学尽 告辞 回家,0.80768067,1,0
3510, 译文 人物一 人物二 学习 唱歌 没有 学尽 人物二 技艺 学尽 告辞 回去,0.80763453,1,0
3512, 人物一 学 讴 译文 人物一 人物二 学习 唱歌 没有 学尽 人物二 技艺 学尽 告辞 回去,0.83936673,1,0
3516, 译文 人物一 人物二 学习 唱歌 未曾 学完 人物二 唱歌 技巧 已经 完全 学会 便 告辞 回家,0.82930773,1,0
3518, 人物一 讴 译文 译文 人物一 人物二 学习 唱歌 没有 学完 人物二 技艺 学尽 告辞 回家,0.83623654,1,0
3526, 人物一 听 便 人物二 道歉 要求 返回 继续 人物二 学习 唱歌 一辈子 不再 说 回去 事,0.8215443,1,0
3531, 薜 谭学 讴 译文 人物一 人物二 学习 唱歌 没有 学尽 人物二 技艺 说 已经 学完 告辞 回去,0.8084304,1,0
3532, 人物一 听 便 人物二 道歉 要求 返回 继续 人物二 学习 唱歌 一辈子 不再 说 回去 事,0.8215443,1,0
3533, 蓝蓝的 天空 飘 几朵 白云 野草 树林 一片 新绿 宴席 间 人物二 斟 杯酒 人物一 说道 师徒 相处 感情 甚,0.82080907,1,1
3534, 人物一 人物二 学习 唱歌 没有 学完 人物二 技艺 学尽 告辞 回家,0.81078905,1,0
3539, 人物一 学 讴 列子 这则 寓言 说 人物一 人物二 学习 唱歌 认为 已经 学到 老师 本领 辞别 老师 回家,0.82166207,1,0
3546, 歌云 译文 人物一 人物二 学习 唱歌 没有 人物二 本领 完全 学到 手 没有 可学 告辞 回家,0.81195647,1,0
3547, 人物一 听 便 人物二 道歉 要求 返回 继续 人物二 学习 唱歌 一辈子 不再 说辞 事,0.82173145,1,0
3553, 遏云 译文 人物一 人物二 学习 唱歌 没有 人物二 本领 完全 学到 手 没有 可学 告辞 回家,0.81221366,1,0
3554, 列子 汤 问篇 译文 人物一 人物二 学习 唱歌 未曾 学完 人物二 唱歌 技巧 已经 完全 学会 便 告辞 回家,0.8031094,1,0
3555, 译文 人物一 人物二 学习 唱歌 没有 学尽 人物二 技艺 说 已经 学完 告辞 回去,0.80875206,1,0
3557, 人物一 讴 原文 人物一 学 讴 原文 人物二 未穷 青之技 自谓 遂 辞,0.8031703,1,0
3560, 绕梁三日 典源 译文 人物一 人物二 学习 唱歌 没有 人物二 本领 完全 学到 手 没有 可学 告辞 回家,0.81187564,1,0
3561, 列子 汤问 译文 人物一 人物二 学习 唱歌 未曾 学完 人物二 唱歌 技巧 已经 完全 学会 便 告辞 回家,0.8026704,1,0
3567, 人物二 译文 人物一 人物二 学习 唱歌 没有 学尽 人物二 技艺 说 已经 学完 告辞 回去,0.8072677,1,0
3568, 歌梁 典源 译文 人物一 人物二 学习 唱歌 没有 人物二 本领 完全 学到 手 没有 可学 告辞 回家,0.81133556,1,0
3570, 译文 人物一 人物二 学习 唱歌 没有 学尽 人物二 技艺 说 已经 学完 告辞 回去,0.80875206,1,0
3571, 人物二 听到 人物一 讲 出 想法 低下头 想 想 说 已学得 不错 十分 技艺 掌握 七 八分,0.8040474,1,1
3573, 人物一 译文 人物一 人物二 学习 唱歌 没有 学尽 人物二 技艺 说 已经 学完 告辞 回去,0.80990267,1,0
3577, 遏 ě 厄 行云 列子 汤问 人物二 善歌 送 人物一 时 饯于 郊衢 抚节 悲歌 声振林木 响遏行云,0.81958926,1,1
3595, 日本队 主将 加藤 正夫 力克 人物二 没能 闯过 最后 人物一 一关,0.86139107,1,1
3605, 韩国队 大幅 换 人物一 赛程 过密 没有 出场 人物二 率领 刘昌赫 徐能旭 姜勋 金哲中 李圣宰 和睦 镇硕 中国 七剑 抗衡,0.80056244,1,1
3616, 人物一 围棋 生涯 中 一个 重要 人物 韩国 围棋 国手 人物二,0.81313527,1,1
3619, 第四届 春兰杯 八强 中 常昊 周鹤洋 罗洗河 日 羽根 直树 结城聪 张栩 韩 人物一 人物二,0.8198166,1,1
3623, 睦镇硕 此后 韩国 国际 棋战 中 一直 表现 不错 人物一 人物二 刘昌赫 巨星 光芒 笼罩 之下 显得 夺目,0.8198095,1,1
3627, 年 韩国 围棋 国手 战 中 芮迺伟 打败 人物一 取得 挑战权 决赛 力克 人物二 夺冠 轰动 韩国 世界 棋坛,0.8172345,1,0
3639, 上届 杯赛 中 人物一 九段 连胜 局 最后 一局 人物二 九段 相遇 时 挡住 连胜 势头 最后 战胜 人物二 夺得 冠军,0.8395613,1,0
3642, 巧合 年 常昊 届 中国 天元战 中 挑战 马晓春 成功 人物一 届 韩国 天元战 决赛 里 击败 师父 人物二,0.8023098,1,0
3644, 日本队 主帅 加藤 正夫 力克 人物二 没能 闯过 最后 人物一 一关,0.8614794,1,1
3675, 人物二 人物一 当作 垫脚石 摔 情 花丛 中 借力 跃出 情 花丛 外,0.85677946,1,1
3684, 人物一 人物二 救 性命 安排 注定 不会 一个 比较 结局 最后 死 人物二 之手 读者 接受 预见,0.851095,1,1
3704, 人物一 儒家 代表 人物 人物二 学生 人物一子 中 儒者 列为 国家 五种 蛀虫 算是 师门 背叛,0.8341814,1,1
3709, 人物一 人物二 学生 两人 私交 方面 冤家 学术 政治 主张 相同 尊法 贱儒 狂热 拥护 极端 君主专制,0.840448,1,1
3717, 认为 可能 二者 着眼点 不同 人物一 所说 可能 历史 产生 具体 学派 人物二 强调 学派 间 归属 联系,0.8262255,1,1
3721, 人物二 术 论述 大大 超过 申不害 话 弟子 人物一 李斯 不敢 奉教 这是 明白,0.85045433,1,0
3723, 先秦 诸子 之中 真正 宣传 游说 进行 严肃 思考 研究 应该 说 孟子 人物二 人物一,0.82258284,1,0
3749, ◎ 第六章 制度 人性 靠不住 孟子 人性 向善 人物二 善能 胜恶 人物一 人性本恶 德治 法治 没有 结论 争鸣,0.8186112,1,1
3752, 秦国 丞相 李斯 一同 问学于 人物二 李斯 人物一,0.8740071,1,0
3779, 人物一 沈阳 参加 人物二 杯 二人转 大奖赛 现场 发挥 特别 赛后 觉得 没戏,0.8466166,1,0
