sent,hard_match
 秦时 明月 动画版 人物二 人物一,0
 伏念 知道 人物二 人物一 藏身 圣贤 庄 事实 之后 大为 震怒 颜路 张良 招来 议事厅 严厉 斥责 欲 颜路 逐出 师门,0
 动画 第二部 秦时 明月 之夜 天明 中 石林 里 公输 仇 操纵 机关 蛇 高月 指挥 人物一 人物二 操纵 机关 白虎 打败 摧毁,0
 逃于 云中君 徐福 阴阳 傀儡 众 蜃楼 太阳 武士 众 人物二 人物一 合力,0
 胜 人物一 小虞 人物二 人物一 小虞 合战 虞子期 人物二 人物一 帮助 逃离,0
 新任 墨家巨子 人物二 项氏 一族 少主 人物一 桑海 城中 游玩,0
 好友 人物二 人物一 胡冰卿 饰演 高月 张,0
 人物一 第一部 苦战 无双 鬼 纵横家 剑圣 盖聂 叛逃 秦国 携 故人 荆轲 之子 人物二 亡命天涯 连续 三百 秦兵 作战 重伤 昏厥,0
 秦时 明月 星魂 人物二 人物一,0
 动漫 主人公 人物二 高月 人物一 石兰 玩家 邂逅 一同 展开 声张 正义 抗击 秦国 暴政 非凡 历程,0
 冯骏骅 人物二 燕 太子妃 月 神 沈达威 人物一 谢添天 卫庄 秦始皇,0
 场中 人物二 眉头 微皱 没有 说话 凝视着 那道 雷光 人物一 面带 惊讶 之色 一声,0
 人物一 人物 评析 人物一 算是 人物二 青云 门 林惊羽 以外 最好 一个 朋友,0
 人物一 天资过人 人物二 道 刚才 结识 一位 风回峰 师兄 听 说 名叫 人物一,0
 苍松道人 点 点头 转向 台下 朗 声道 明日 比试 龙首 峰 齐昊 对风 回峰 人物一 小竹峰 陆雪琪 大竹 峰 人物二,0
 人物二 吃 一惊 昨日 意外 胜 彭昌 之后 人物一 人前 冷冰冰 没想到 他会 主动 说话,0
 人物二 远远 应 一声 人物一 书 说 两句 便 跑 过去 大黄 背着 小灰 上去,0
 比武 大会 青云 门 磨练 弟子 派 获胜 前 四名 齐昊 陆雪琪 人物一 人物二 空桑 山万蝠 古窟 中 查探 魔教 异动,0
 人物 称呼 小凡 陆雪琪 碧瑶 田灵儿 苏茹 林惊羽 人物一 称 人物二 那本书 灵魂,0
 人物一 玄幻 武侠小说 诛仙 中 人物 书迷 其同 人物二 师兄 杜必书 合称 青云 双书 两人 广受 读者 喜爱,0
 道 玄真 人大 怒 陆雪琪 挺身而出 性命 担保 人物二 魔教 恶徒 林惊羽 人物一 田灵儿 齐昊 人物二 说话,0
 人物二 道 刚才 结识 一位 风回峰 人物一 师兄 听 说 名叫 人物一,0
 人物一 主要 剧情 人物一 算是 人物二 青云 门 林惊羽 以外 最好 一个 朋友 人物一,0
 人物二 犹豫 一下 小灰递 过去 人物一 喜滋滋 抱 怀中 小灰 却是 大为 不满 吱吱 尖叫,0
 倒 人物一 依旧 笑呵呵 人物二 走 一起 绝口不提 刚才 事 口中 滔滔不绝 地向 人物二 介绍 河 阳城,0
 人物二 道 大竹 峰 弟子 人物二 人物一 师兄,0
 人物 称呼 人物二 漫画版 小凡 陆雪琪 碧瑶 田灵儿 苏茹 林惊羽 人物一 称,0
 人物二 林惊羽 陆雪琪 杨紫饰 人物一 秦俊杰 饰 善良 热血 少年 一道 帮助 良善 斩妖 除恶,0
 人物一 青云 志 剧情简介 草庙 村 少年 人物二 李易 峰饰 经历 全村 尽灭 惨案 青云 门 收归 门下,0
 人物二 结识 碧瑶 陆雪琪 人物一 好友 一次次 坎坷 磨难 中 逐渐 成长,0
 人物一 主要 剧情 人物一 算是 人物二 青云 林惊羽 以外 最好 一个 朋友 关系 比小凡 林惊羽 更为 融洽,0
 人物二 道 大竹 峰 弟子 人物二 人物一 师兄,0
 人物二 林惊羽 陆雪琪 人物一 善良 热血 少年 一道 帮助 良善 斩妖 除恶,0
 仿佛 注意 人物二 搜索 目光 两方 擦肩而过 时 人物一 忽然 人物二 道 彭 师兄 没 居所 养伤,0
 人物一 不理 拉上 人物二 往里 挤 风回峰 弟子 显然 人物一 极好 一个个 旁边 让开 连带 人物二 沾光 挤 进去,0
 人物二 朋友 人物一 儿子,0
 人物二 吃 一惊 未 说出 话 忽然间 人物一 眼前一亮 看到 前面 站 几十个 风回峰 弟子 二话不说 拉上 人物二 过去,0
 人物二 人物 称呼 人物二 漫画版 小凡 陆雪琪 碧瑶 田灵儿 苏茹 林惊羽 人物一 称,0
 正好 小说 中 人物 感情 吻合 人物二 回忆 人物一 长期 不能 再见 可能 黄易 创作 时有 参照,0
 人物二 百般 躲避 人物一 人物二 擦肩而过,0
 人物一 感觉 白云飞 人物二 无比 牵挂 明白 白云飞 心中 人物二 人物一 感觉 十分 落寞,0
 人物二 气 人物一 一顿 放回 人物一 气破 胸脯,0
 人物一 第九集 人物二 气 人物一 一顿 放回,0
 太后 人物一 探视 文媚儿 文媚儿 说 人物二 坏话 太后 大怒 太后 追索 人物二 朱允 掩护 人物二 逃出 宫去 人物二 争辩,0
 人物一 第二十七 集 人物二 回宫 继续 想 办法 搓合 白云飞 人物一 可惜 设计 计策,0
 朱允想 人物二 远离 白云飞 利用 人物一 惩罚 人物二 心态 人物一 灌输 计谋,0
 人物一 第十二 集 太后 追索 人物二 朱允 掩护 人物二 逃出 宫去,0
 人物一 回京 路见不平 人物二 大打出手 人物二 一人 难敌 人物一 众 手下 危急 时 白云飞 现身 击败 人物一 救 走 人物二,0
 人物二 告诉 人物一 文媚儿 假 怀孕 事 人物一 白云飞 暗中 展开 调查,0
 人物一 分 集 介绍 人物一 第一集 人物二 万人敌 合作 骗 公子哥 钱 帮助 可怜 穷苦,0
 人物一 第二十二 集 朱允 更加 喜欢 人物二 决心 先纳 人物二 妃,0
 人物二 身陷 绝境 却智激 人物一 人物一 上当 人物二 单打独斗 人物二 趁机 逃入 朱允 宫中,0
 人物一 第十三 集 文媚儿 挑拨 人物一 安宁 恨透了 人物二,0
 人物二 十分 感谢 人物一 哥哥 帮助 决心 成全 人物一 白云飞,0
 文韬 暗箭伤人 人物二 重伤 白云飞 左右 人物二 昏迷不醒 时 白云飞 表露 心迹 恰 前来 探望 人物一 听到,0
 人物一 人物二 之名 约 白云飞 白云飞 大喜 赴约 得到 人物一 一顿 讥刺,0
 觉得 白云飞 人物一 一对 想尽办法 成全 二人 二人 一起 生气 打闹 全 不符 人物二 原先 设计,0
 朱允 心想 人物二 文媚儿 察觉 蛊惑 人物一 说 白云飞 人物二 共 一处 多时 难辞 嫌疑,0
 人物一 跟踪 白云飞 家 发现 人物二 正 吵闹 不安 朱允 准许 不于 追究 人物二 闹婚 事件 借机 分开 人物二 白云飞 两人,0
 朱允招 白云飞 进宫 宣称 已经 撤消 人物一 之间 婚约 是否 人物二 之间 婚事 加 干涉 答应 不再 追求 人物二,0
 人物二 一人 难敌 人物一 众 手下 危急 时 白云飞 现身 击败 人物一 救 走 人物二,0
 人物一 约 人物二 入宫 斥责 人物二,0
 人物二 感激 人物一 暗中相助 成全 哥哥 婚事 答应 朱允 尽量减少 白云飞 接触,0
 人物一 生气 想起 日前 人物二 白云飞 戏弄 决心 出宫 寻找 两个 家伙,0
 司徒剑南 第二十三 集 司徒 家 几乎 出动 寻找 人物二 朱允 白云飞 人物一 派 四处 查找 人物二 下落,0
 蛊惑 人物一 防范 人物二 人物一 上当,0
 人物一 闹市 中 发现 人物二 欲 抓 人物二 反 万人敌 擒,0
 人物一 文媚儿 蛊惑 气撒到 人物二 身上 人物二 根本 不吃 安宁 那套 二人 打来 闹,0
 人物一 第二十六 集 文媚儿 人物二 恼羞成怒 命令 文韬 务必 杀掉 人物二,0
 万人敌 欲 羞辱 人物一 人物二 报功 人物二 惊 怕 知道 闯 大祸,0
 人物一 如今 白云飞 朋友 白云飞 若即若离 主动 多约 人物二 白云飞 想见 白云飞 人物一 倒成 朋友,0
 人物二 智激 人物一 人物一 大包大揽 拽 朱允 庵 中 劝说 文蔷,0
 人物一 现在 白云飞 朋友 白云飞 若即若离 主动 多约 人物二 白云飞 想见 白云飞 人物一 倒成 朋友,0
 人物一 上当 恳求 朱允 人物二 进宫 陪伴 朱允 似乎 十分 无奈 答应 人物一 十分高兴,0
 朱允 人物二 执意 不立 文媚儿 皇后 白云飞 人物二 决意 中止 人物一 婚约,0
 文媚儿 妒恨 人物二 故伎 重施 人物一 面前 调拨 人物二 之间 关系,0
 人物一 第二十三 集 司徒 家 几乎 出动 寻找 人物二 朱允 白云飞 人物一 派 四处 查找 人物二 下落,0
 白云飞 想 办法 接近 人物二 朱允 发现 朱允 滋味 人物一 发现 白云飞 喜欢 人物二 妒火中烧 绑架 人物二 入宫,0
 人物二 私自 离宫 见 云南 王 人物一 知道 追 人物二 二人 一块 前往,0
 白云飞 人物二 常在 一起 人物一 借口 入宫 更 人物一 一起,0
 人物二 发现 人物一 只好 百般 躲避 人物一 人物二 擦身而过,0
 太后 人物一 探视 文媚儿 文媚儿 说 人物二 坏话,0
 人物二 微笑 人物一 大笑 金无望 冷笑 笑 说 笑 形式 不同 含义 没有 区别 外衣,0
 狡猾 王怜花 假扮 人物二 骗取 朱七七 钱和 幸亏 人物二 及时 赶到 救出 金无望 人物一 平安无事,0
 人物一 这一 江湖 奇 男子 人物二 友情 人物二 散发 光辉 人格 造就,0
 人物二 人物一 惺惺相惜 王怜花 之间 发展 友情 敌人 关系 最终 爱恨 情仇 付 于一 笑 中,0
 新 武林 外史 内容简介 人物二 王怜花 人物一 三个 出身 背景 不同 武林 新近 窜 少年 侠士 终于 相识 相惜 义结金兰,0
 朱七七 险遭 王怜花 凌辱 幸好 人物二 人物一 及时 出现 人物二 之间 芥蒂 没有 消除,0
 七七 心想 杀死 人物二 为父 报仇 聪明反被聪明误 泥巴 弄巧成拙 人物一 朱七七 喝 泻药,0
 得知 人物二 不顾 安危 崖 救 人物一 时 人物二 担心 猫儿 难过,0
 柴玉关 错过 儿女 绕膝 逍遥 晚年 人物一 错过 娇妻 爱子 相伴 终生 人物二 错过 换回 佳人 携手 终成眷属,0
 狡猾 王怜花 假扮 人物二 骗取 朱七七 钱和 幸亏 人物二 及时 赶到 救出 金无望 人物一 平安 宝马香车 丽人 来事,0
 最后 一点 举 两个 例子 一次 人物二 救出 人物一 以后 人物二 大加 赞扬 猜 朱 小姐 回答 说 谢谢,0
 文至 王夫人 人物一 性命 威胁 人物二 人物二 将计就计 合作 假投 快活 王 门下,0
 之后 人物二 龙 四海 所扮 假 人物一 所制 独孤 伤因 快活 王不 重视 反心 救 人物二,0
 两人 阴谋 不巧 人物一 所获 告知 人物二 丐帮 大会 人物二 没 陷害 丐帮 找出 真正 凶手 赢得 众人 赞誉,0
 古龙 塑造 人物一 大多 间接 描写 很多 地方 读者 是从 人物二 口里 眼里 听到 看到 人物一,0
 ★ 武林 外史 登场 经典 人物 人物二 朱七七 王怜花 人物一 白飞飞 金无望 快活 王 云梦仙子 王夫人,0
 王怜花 某种程度 人物二 一类 孤独 高处不胜 寒 人物二 到底 金无望 人物一 王怜花,0
 多情 剑客 无情 剑 第二 主角 神秘 少年 不愿 提起 身世 人物二 人物一 前辈 名侠 某种 奇特 微妙 关系,0
 人物一 角色 分析 人物一 初遇 人物二 是从 兄弟 口中 得知 两只 肥羊 路过 特意 接近 想要 施展 空空 妙手,0
 人物一 人物二 结交 共同 洛阳城 中寻 王怜花 为二女 洗 易容,0
 朱七七 人物一 更气 更恨 老狐狸 竟连 称呼 改 年纪 居然 自称 贱妾 居然 人物二,0
 人物二 终于 偕 朱七七 人物一 王怜花 一同 赴 海外 寻仙 说法 甚 好听,0
 人物一 一番 推测 朱七七 相信 人物二 伤害 父亲 凶手,0
 角色 分析 人物一 初遇 人物二 是从 兄弟 口中 得知 两只 肥羊 路过 特意 接近 想要 施展 空空 妙手,0
 人物一 假扮 龙 四海 人物二 出 早已 一旁 暗中 观察 王怜花,0
 人物二 陈百祥 人物一 当年 王晶 红极一时 代表作 精装 追女仔 系列 电影 中 主要演员,0
 人物二 林俊贤 人物一 邱淑贞 张曼玉 陈雅伦 吴君如 李美凤 曹查理 陈雅伦,0
 五 福星 洪金宝 人物一 吴耀汉 人物二 苗侨伟 饰 霸王花 胡慧中 饰 放大 假随 旅行团 泰国 芭堤雅 游玩,0
 年 人物二 陈百祥 人物一 合作 出演 喜剧 动作 电影 五 福星 撞鬼,0
 剧情简介 洪金宝 人物一 秦祥林 人物二 吴耀汉 胡慧中,0
 年 参演 人物一 人物二 毛舜筠 主演 喜剧电影 喜上加喜 剧中 饰演 劳斯,0
 人物二 吴君如 人物一 张耀扬 石天 惠英红,0
 要说 一下 洪金宝 福星 系列 喜剧片 成龙 洪金宝 人物一 吴耀汉 岑建勋 人物二 系列片 中 出演,0
 鹧鸪菜 集结 孤儿院 好友 花旗参 秦祥林 饰 犀牛皮 人物一 饰 大生 吴耀汉 饰 罗汉果 人物二 饰,0
 人物二 武当 之战 人物一 擅长于 盗术 易容术 小偷 江湖人称 偷 王之王 人物一,0
 调查 绣花 大盗 一案 过程 中 薛冰 人物一 一起 戏弄 人物二 人物二 蛇王 那条街 吃 东西 几处 片段 看得 真令 读者 会心一笑,0
 藏宝 处 人物二 竟然 西门吹雪 所扮 两个 神秘 老太 老头 竟然 人物二 人物一,0
 人物一 古龙 笔下 人物二 传奇 人物,0
 人物一 正相反 决战 中 人物一 黑道 规矩 没有 告诉 人物二 到底 买卖 缎带,0
 人物二 之凤舞 九天 年 饰演 人物一,0
 人物一 冲着 人物二 手中 盗贼 留下 一方 罗帕而来,0
 人物二 传奇 人物一 张达明 饰,0
 人物二 故意 人物一 得手 希望 人物一 揭开 绣花 大盗 之谜,0
 薛冰 神针 引线 之力 暗中 跟随 人物一 留下 人物二 独自 前往 栖霞 庵,0
 人物一 出自 人物二 系列 人物一 男 貌似 猴精 长于 盗术 易容术 人称 偷 王之王,0
 灵犀 一指 全年龄 人物二 同人全 一期 人物一,0
 花满楼 人物 关系 朋友 人物二 人物一 叶孤城,0
 人物二 传奇 决战 讲述 人物二 花满楼 人物一 好友 前往 京城 调查 剑客 西门吹雪 叶孤城 紫禁城 决斗 故事,0
 数百年 后剑神 后人 西门 琊 人物二 后人 人物一 后人 大侠 后人 再创 神话 传说,0
 年 人物二 决战 饰 人物一,0
 注意 人物一 主动 约 赌 也就是说 地点 司空 选 人物二 好吃 可能 顺路到,0
 南平 郡王 欲取 皇上 性命 时 六色 童子 中 青 蓝两色 童子 人物二 朋友 西门吹雪 人物一,0
 人物二 故意 人物一 得手 希望 人物一 揭开 绣花 大盗 之迷,0
 人物二 眼中 人物一 猴精,0
 演员 张智霖 饰 人物二 何润东 饰 西门吹雪 张达明 饰 人物一 张智尧 饰 花满楼,0
 似乎 人物一 争夺 人物二 喜欢 人物一,0
 途中 牙密 吞噬 灵魂 打算 杀害 目击者 人物一 黑崎一护 人物二 茶渡 泰虎 拯救 龙贵 牙密 发生 交战,0
 人物一 严厉 教训 开玩笑 挑衅 人物二 记 心里 人物二 人物一 视作 充满 黑暗 杀戮 残酷 世界 里 一抹 光明,0
 简介 墨凤 国产 武侠 动漫 秦时 明月 中 衍生 出 同人 配对 人物一 人物二,0
 人物二 弄玉 人物一 任性 一次 希望 选择 人物二 不顾一切 追求 永远 无法 拥有 自由,0
 人物一 弄玉 二人 死 人物二 产生 巨大 影响 人物二 性格 发生 转变 促使 不断 突破,0
 人物一 存在 年少时 人物二 影响 颇深 促使 不断 突破,0
 人物二 人物一 出手 相救 姬无夜 关在 充满 机关 牢笼 里 一番 激烈 交战 最终 人物一 牺牲 人物二 带 弄玉 逃离 将军 府,0
 角色 形象 百鸟 女性 首领 鹦歌 少年时代 人物二 人物一 外 第二个 亲近,0
 一番 斗智斗勇 人物一 最终 生命 保护 人物二 人物二 制造 出 一条 生路,0
 人物一 出手 控制 住 人物二 听 人物二心 声后 放走,0
 人物一 空山鸟 语 聚散 流沙 成员 人物二 回忆起 韩亡 前 夜幕 成员 时 心中 难以 忘却 一段 往事,0
 人物二 同样 了解 信任 鹦歌 心中 不知 默默地 人物一 鹦歌 当做 朋友,0
 人物一 存在 年少时 人物二 影响 颇深 促使 不断 突破,0
 濒死 人物一 鼓励 人物二 送上 墨羽 助 人物二 逃走,0
 姬无夜 夜幕 组织 子 杀手 团 百鸟 之中 人物一 人物二 众多 高手 二人 叛逃,0
 濒死 人物一 鼓舞 人物二 羽毛 帮助 人物二 逃走,0
 英雄 介绍 人物一 韩国 大将军 姬无夜 麾下 第一 高手 擅长 轻功 行事 犀利 少年 人物二 影响 颇深 最终 保护 人物二 死,0
 弄玉 人物一 人物二 十分 重要 琴曲 空山鸟 语 人物二 弄玉 结缘,0
 人物一 人物二 少年时期 担当 非常 重要 角色,0
 人物一 人物二 少年时期 担当 非常 重要 角色 一个 人物二 送上 天空 男人,0
 墨凤 中国 第一部 大型 武侠 动画 秦时 明月 中 衍生 出 同人 配对 人物一 人物二,0
 人物一 人物二 轻功 救 一只 姬无夜 猎鹰 追赶 白鸟 最后 人物一 获胜,0
 人物二 雀阁 人物一 尾随 回到 雀阁 一明 一暗 试探 中 发现 弄玉 进入 雀阁 目的 刺杀 姬无夜 以言 相劝 无果,0
 鹦歌 角色 形象 百鸟 女性 首领 鹦歌 少年时代 人物二 人物一 外 第二个 亲近,0
 百鸟 女性 首领 鹦歌 少年时代 人物二 人物一 外 第二个 亲近,0
 夜幕 杀手 人物一 少年 人物二,0
 空山鸟 语 中 人物一 救 人物二 牺牲 感动 无数 月饼,0
 姬无夜 命令 人物一 杀死 人物二 人物一 出手 控制 住 人物二 听 人物二心 声后 放走 二人 逃亡 路,0
 人物一 设计者 诠释 人物一 人物二 人物一 人物二 少年时期 担当 非常 重要 角色,0
 人物一 出手 制 住 人物二 人物二 吐露 心声 人物一 放走,0
 人物一 出手 控制 住 人物二 听 人物二心 声后 放走 二人 逃亡 路,0
 二人 中 神通 人物一 画像 前 拜堂 成亲 回到 古墓 办 婚礼 小龙女 利用 人物二 嫁妆 打扮 成 新娘,0
 最终 人物二 人物一 打赌 石头 上刻 几个 字 胜过 人物一 逼使 出家 道士 一起 古墓 中 长相 厮守 之间 作一 选择,0
 人物二 深情厚意 装痴乔 呆 人物二 人物一 瞧 不起 竭尽 心智 创出 克制 全真 派 武功 玉女心经,0
 人物二 容貌 绝美 更是 一个 武学奇 其修 高 天下 五绝 首 中 神通 人物一 匹敌,0
 人物二 墓 门外 百般 辱骂 隠 於 活死人 墓 中 人物一 连激 七日 七夜 人物一 实在 忍耐 不住 出洞 相斗,0
 人物二 重阳 朝英 人物一 人物二 均 武学奇 原 一对 天造地设 佳偶,0
 后来 人物一 生平 劲敌 人物二 墓 门外 百般 辱骂 连激 七日 七夜 人物一 实在 忍耐 不住 出洞 相斗,0
 射雕 英雄传 中 华山论剑 最终 胜出 人物一 需借观 九阴真经 领悟出 破解 古墓派 祖师爷 人物二 玉女心经 武学,0
 古墓派 居住 古墓 得名 创派 祖师 人物二 全真 派 人物一 一往情深 人物一 于邦国 之仇 难以忘怀 常言 匈奴 未灭 家为,0
 更 提及 东邪 西毒 南帝 北丐 均 年轻 时 描述 人物一 人物二 出现,0
 当年 二人 不断 争闹 相斗 人物二 故意 人物一 亲近 只不过 心高气傲 始终 不愿 先行 吐露 情意,0
 董璇 饰演 人物二 严宽 饰演 人物一 一段 相恋 不能 相守 悲情 爱恋,0
 人物二 深情厚意 装痴乔 呆 人物二 人物一 瞧 不起 终于 终南山 比武 决胜 巧计 赢得 石墓 赌注,0
 人物二 容貌 绝美 更是 一个 武学奇 其修 高 天下 五绝 首 中 神通 人物一 匹敌,0
 年 中 神通 人物一 制片方 香港 无线 导演 潘嘉德 主演 郑伊健 饰 人物一 梁 艺龄 饰 人物二,0
 年 香港 无线 中 神通 人物一 梁 艺龄 饰 人物二 人物二 张,0
 人物二 死后 人物一 进入 古墓 得知 玉女心经 存在 破 心经 人物一 便 破解 心经 九阴真经 武学 刻,0
 人物二 活死人 墓 门外 百般 辱骂 隐居 墓 中 人物一 连激 七日 七夜 人物一 实在 忍耐 不住 出洞 相斗,0
 人物一 恍然 而悟 知 人物二 好心 可惜 一副 大好 身手 埋没 坟墓 之中 以用 计激 出 墓,0
 电视 香港 无线 中 神通 人物一 郑伊健 饰 人物一 梁佩玲 饰 人物二,0
 人物二 人物一 甚有 情意 欲 委身 相事 人物一 结为夫妇,0
 徐憎阳 武功 天下无敌 比起 当年 人物一 有过之而无不及 武功 人物一 人物二 合手 之上,0
 人物二 深情厚意 装痴乔 呆 人物二 人物一 瞧 不起 终于 终南山 比武 决胜 智斗 力 赢得 石墓 赌注,0
 人物二 貌美 多才 心中 人物一 一个 可惜 人物一 十分 爱慕 抗金 失败 心灰意冷 愤而 出家 住 活死人 墓 中,0
 黄药师 人物 经历 黄药师 终南山 拜访 人物一 人物一 告知 打赌 输于 人物二 事 黄药师 帮忙 点破 人物二 暗藏 化石 丹,0
 最终 人物二 人物一 打赌 石头 上刻 几个 字 胜过 人物一 逼 出家 道士 一起 古墓 中 长相 厮守 之间 作一 选择,0
 年 香港 无线 中 神通 人物一 梁 艺龄 饰 人物二 人物二 张,0
 人物二 创出 克制 全真 武功 玉女心经 人物一 不甘 服输 九阴真经 刻 墓 中,0
 人物二 人物 爱情 此情可待 成 追忆 人物二 人物二 人物一,0
 人物一 角色 经历 懂 拒绝 不会 争抢 闺蜜 人物二 面前 专注 好人 二十年,0
 新娘 作战 中 女主角 人物一 女 电影 新娘 作战 中 女主角 闺蜜 人物二 老公 有钱人 凯文,0
 人物一 整整 十三年 人物二 最后 选择 林殊 结局 这于 难道 幸事,0
 天 放学 人物一 回家 发现 妈妈 带 回来 一个 新 朋友 人物二 人物一 平白无故 表哥,0
 月 郑伟 星际 精灵 人物二 中 担任 主角 人物一,0
 人物一 发现 人物二 拥有 超能力 帮 解决 学校 遇到 困难 借助 人物二 超能力 工具 解决 问题 引来 更 麻烦,0
 不久 雍正帝 获悉 人物一 人物二 幕中 常在 人物二 请安 折 朱批 朕 安 邬 先生 安否,0
 绍兴 师爷 邬有 道 李岳瑞 春 冰室 野乘 人物二 幕客 记载 清 雍正年间 河南 总督 人物二 手下 有位 名叫 人物一 绍兴 师爷,0
 电视剧 中 人物一 神偷 司空摘星 女儿 人物二 红颜 知己 苏蓉蓉 义姐,0
 一番 较量 中 人物二 人物一 留下 极深 印象,0
 人物二 心痛 不已 抱 蓉蓉 急往 找 医仙 张简斋 路上 碰 神偷 司空摘星 人物一 两 父女,0
 人物一 台湾 电视剧 新 人物二 中 女一号 原著 中 无该 角色,0
 盗玉 过程 中 人物二 遇到 同样 江湖 中 人称 偷神 司空摘星 美貌 人物一,0
 途中 更 遇上 早 天牢 逃出 人物一 人物一 救义妹 决 人物二 同行 众人 安南 人物二 发然 竟是 安南 王子,0
 人物一 集 人物二 一招 英雄救美 良玉 不忍 骗 榴梿 人物二 计划 和盘托出,0
 荣誉 院长 人物二 人物一 院长 人物二 先生,0
 人物一 先生 策划 举办 黄永玉 作品 回乡 展 人物二 大海 精品展 中国 禅宗 诗联 书法展,0
 人物一 同行 善举 若干年 过去 先后 从学于 一师 人物二 本觉 一个 成 画坛 宗匠 一个 成 禅林 上座,0
 人事 状况 荣誉 院长 人物二 人物一 院长 人物二 先生,0
 人物二 大海 艺术 研究会 人物一 发起 成立 中国画 海 宗师 人物二 先生 艺术 成就 研究 机构,0
 年 月 日 人物一 策划 国画家 人物二 先生 大海 精品 画展 山东 威海 隆重 举办,0
 两个 便是 如今 声望 日隆 天才 画家 人物二 知己 兄弟 人物一 中国 云门宗 第十四 世法 主本觉,0
 话 中 帮小菲 千娇 改 稿子 时 说 人物一 人物二 赢 高中 漫画 社就 告诉 烛天 以前 故事,0
 人物二 似乎 早就 认识 人物一 人物一 认识 初中 人物一 记得,0
 目测 小学 认识 一话 千娇 说 小菲 四年级 人物二 第一次 漫画 人物一,0
 听到 人物二 录下 音里 烛天 人物一 说 爆发 因烛 天 一句 话 消散 怒气,0
 疑似 人物二 父亲 可能 人物一,0
 天 放学 人物二 回家 发现 妈妈 带 回来 一个 新 朋友 人物一 人物二 平白无故 表哥,0
 月 郑伟 星际 精灵 人物一 中 担任 主角 人物二,0
 人物二 发现 人物一 拥有 超能力 帮 解决 学校 遇到 困难 借助 人物一 超能力 工具 解决 问题 引来 更 麻烦,0
 人物一 愿意 放弃 人物二 发现 原来 人物二 莫绍谦 真的 相爱,0
 相处 中悦莹 喜欢 人物一 人物二 产生 好感,0
 人物一 剧情简介 莫氏 企业 人物二 父亲 出卖 险遭 破产 莫父 猝死,0
 人物二 真心 付出 莫绍谦 嫉恨 恼怒 莫绍谦 不动声色 人物一 人物二 身份 曝光,0
 人物一 发现 质问 慕咏飞 做 慕咏飞 哭 说 希望 莫绍谦 人物二 失去 会 回到 身边,0
 悦莹 喊 人物二 一起 回 学校 人物一 带领 学弟 参加 篮球赛 人物一 手机 误伤 人物二,0
 莫绍谦 人物一 人物二 身份 曝光 悦莹 知道 人物二 悲惨 际遇 没有 抛弃 朋友 更 坚决 地护 人物二,0
 人物一 心存疑惑 调查 人物二 背景 赫然 发现 当初 人物二 舅舅 人物二 出卖 莫绍谦,0
 人物二 送 进 医院 人物一 侦探 拿到 照片 人物二 看见 人物一 用假 理由 骗过 人物二,0
 莫绍谦 人物一 人物二 身份 曝光 悦莹 知道 人物二 悲惨 际遇 没有 抛弃 朋友 更 坚决 地护 人物二,0
 人物一 创作 才华 人物一 很多 歌手 名人 人物二 韦嘉 李湘 创作 歌曲 好评,0
 人狐恋 济公 带领 人物二 白雪 封魔洞 中 救出 人物一 想要 人物一 真心 唤回 乾坤 洞主 附身 陈亮,0
 第二部 结局 中 乾坤 洞主 附身 第三部 中 人物一 人物二 救出,0
 书中 写道 人物二 人物一 互相 倾慕 久,0
 出席 宴会 共有 五个 主要 人物 冯紫英 薛蟠 妓女 云儿 人物一 人物二,0
 小说 中 人物二 出家 袭人 嫁 人物一,0
 出席 宴会 共有 五个 主要 人物 冯紫英 薛蟠 妓女 云儿 人物一 人物二,0
 人物二 遁入空门 贾府 彻底 败 落后 人物一 娶 宝玉 房中 丫头 袭 人为 妻,0
 袭人 人物 结局 通行本 四十回 袭人 人物二 出家 王夫人 薛姨妈 安排 不得不 嫁给 人物一,0
 回 人物一 情赠 茜 香罗 冯紫英 设宴 人物二 人物一 初次 相见 席上 行酒令 人物一 手执 木樨 吟道 花气袭 人知 昼暖,0
 最后 俩 实在 无产 人物二 携 妻子 薛宝钗 女士 跑 人物一 家来 过活,0
 一日 酒宴 人物二 以玉 玦 扇坠 袭 松花 汗巾 相赠 人物一 回赠 北静王 所赐茜 香国女 国王 贡奉 大红 汉巾,0
 人物二 人物一 玩 捉迷藏 游戏 倒霉 人物一 卡 铁栏杆 中间 出不去 人物二 只能 赶紧 林逸 求助,0
 东海 甄 家中 调戏 人物二 人物一 林逸 阻止 林逸 结仇,0
 钟品亮 松山一 中 校园 四大 恶少 老三 追求 人物二 未 成 常 人物一 戏耍 受尽 苦头 做些 费力 讨好 事情,0
 甄 英俊 东海 甄 家中 调戏 人物二 人物一 林逸 阻止 林逸 结仇,0
 人物二 人物 设定 闺蜜 人物一,0
 九月 枢密 副 人物一 参知政事 薛居正 同日 升 宰相 人物一 继 赵匡胤 霸府 幕僚 中继 人物二 之后 第二个 升任 宰相,0
 九月 枢密 副 人物一 参知政事 薛居正 同日 升 宰相 人物一 赵匡胤 霸府 幕僚 中继 人物二 之后 第二个 升任 宰相,0
 适 部将 郑伦 夺令 出兵 崇黑虎 擒获 西伯 侯 人物二 遣散 宜 生前 劝说 人物一 方允献女 进宫,0
 译文 人物二 年轻 时去 见 人物一 人物一 说 天下 正 动乱 不定 各路 豪强 如虎 相争 拨乱反正 难道,0
 人物一 轶事 典故 人物一 知己 相交 当初 人物二 地位 低 没有 了解,0
 人物二 年轻 时去 见 人物一 人物一 说 天下 正 动乱 不定 各路 豪强 如虎 相争 拨乱反正 难道,0
 人物二 曾经 拜见 人物一 人物一 见到 感到 惊异,0
 建安 七年 年 人物二 前往 人物一 坟墓 感到 凄怆 祭祀,0
 涉及 仙剑 人物 景天 龙葵 红葵 慕容 紫英 柳梦璃 人物二 温慧 王蓬絮 勇气 雷元戈 星璇 人物一 玄霄,0
 人物一 台词 人物一 唐家堡 人物二 到底 人偷 钱,0
 伯父 人物二 人物一 异姓 结拜兄弟 年龄 三思 稍大,0
 原 剧中 主角 曾小贤 胡一菲 吕子乔 人物二 关谷神奇 人物一 陆展博 林宛瑜 张伟 悉数 亮相 手游,0
 现存 人物二 诗中 两首 提到 一首 歌者 人物一 一首 题目 写作 人物一 大约 前 一首 初稿,0
 唐朝 长庆 年间 公元 年 人物二 誉为 唱得 凉州 意外 声 变 新声 作旧 声 著名 乐师 人物一 便是 西域 米 国人,0
 歌者 人物一 作者简介 人物二 画像 人物二 唐代 文学家 哲学家,0
 歌者 人物一 作品 鉴赏 现存 人物二 诗中 两首 提到 人物一 一首 题目 写作 人物一 诗 初稿,0
 人物二 看出 人物一 疑惑 使出 丁平 成名 绝技 天外 流星 人物一 质 问道 到底,0
 人物一 大人物 人物二,0
 大人物 人物一 人物二,0
 经历 一趟 旅程 之后 田思思 终于 发现 人物一 心目 中 大人物 真正 大人物 人物二,0
 人物一 听得 目瞪口呆 怪 联络 人物二 答 流星 阁 对抗 凶险 万分 不能 贸然 现身 人物一 会 牵连,0
 人物一 大人物 人物二,0
 人物一 醉倒 街头 醒来时 发现 面前 摆着 一圈 形状 怪异 桔子皮 人物一 神色 变 不远处 走出 人物二,0
 人物二 其实 很难说 透 说话 方式 传染给 人物一 田思思 说 一种 魅力,0
 隆兴元 年 人物二 人物一 为首 主战派 进军 中原,0
 论战 尚未 结束 主和派 一齐 弹劾 人物一 人物一 不得已 请求 罢官 回乡 推荐 人物二 相,0
 人物一 摸索 半天 大史 手中 拿到 烟 听到 人物一 说话 时 人物二 发现 已经 坐到 三四米 远 地方 拉开 点 距离,0
 危机 纪元 年 人物一 遇到 苏醒 人物二,0
 人物一 说 拧动 香烟 过滤嘴 部分 烟 点燃 人物二 点 一支 烟,0
 人物二 动漫 特 优生 中 女主角 一个 只会 想着 打败 泷岛 彗 单纯 女孩 人物一 称呼 天使 光,0
 人物一 秦桧 爪 唆使 率众 少林寺 寻找 人物二 人物二 挺身而出 大胜 人物一 一战 成名,0
 人物二 人物一 说出 岳飞 遗言 如能 找到 流落 北国 大宋 公主 号召 必 铲除 奸相 兴兵 北伐,0
 六年 迁 起居 舍人 奏 权奸 擅政十有 四年 人物二 彭龟年 抗论 逐 人物一 周端 书斥 当时 近臣 犹有争 之者,0
 当年 人物二 人物一 走 视觉系 艺人 获 新加坡 龙虎 排行榜 第四名 成绩 超越 刘文正 西城秀树,0
 人物一 人物 经历 人物一 人物二 好友,0
 人物一 巧遇 人物二 原来 人物二 从前 人物一 丫环 两 人情 姐妹,0
 人物二 人物 简介 人物一 好友 风流 英俊 男生 比较 爱玩 家境 优渥,0
 高中同学 人物一 人物二 莫郁华 孟雪 宋鸣 周静,0
 第一类 正面人物 江流儿 妖刀 王 方百花 圆德 人物一 林新 诚 黑木 江灵 运 人物二 潘国兴,0
 人物二 名篇 小石 潭记 中 提到 游者 吴武陵 人物一 余弟 宗玄 隶而 从者 崔氏 二 小生 曰 恕己 曰 奉 壹,0
 人物二 抖出 人物一 阴谋 人物二 伤心 不已 认为 欺骗 早已 相信,0
 金庸 笑傲江湖 中 华山派 掌门 人物一 之妻 宁中则 善合 两仪 剑法 传给 令狐冲 人物二,0
 华山派 弟子 令狐冲 掌门人 人物一 之女 人物二 瀑布 中 玩耍 时所创 两人 名字 中 各取 一字 命名,0
 人物二 华山派 掌门 人物一 宁中则 之女 林平之 之妻 最后 林平之 杀死,0
 人物二 萨宛儿 华山派 人物一 宁中则 独女 嫁予 林平之 为妻 林平之 所杀,0
 人物一 浙江 龙泉 得来 人物二 十八岁 生日 时 赠予 人物二 令狐冲 比剑试 招时 令狐冲 一指 弹入 山谷,0
 他成 人物二 哥哥 令狐冲 师兄 成 人物一 儿子,0
 宁中则 华山 玉女 华山派 人物一 师妹 兼 妻子 人物二 之母 匕首 自刺 胸口 死,0
 人物一 掌上明珠 女儿 人物二 私生活 十分 奢侈,0
 年 月 人物一 十四岁 女儿 妞妞 自拍照 曝光 妞妞 已经 十四岁 人物二 即将 进入 高中 就读,0
 一对 小宝贝 出生 牛 年 正月初一 人物一 取小 名叫 牛牛 妞妞 大名 赵一楠 人物二,0
 目前 人物一 女儿 人物二 妞妞 大胆 晒出 一组 海军 制服 露脐 写真,0
 人物二 小名 妞妞 出 生于 年 月 日 农历 牛 年 大年初一 人物一 第二任 妻子 马丽娟 生 双胞胎 龙凤胎 中 女儿,0
 据悉 人物一 女儿 人物二 有意 借该 节目 正式 进军 娱乐圈,0
 人物一 自夸 女儿 文艺 天赋 人物二 辽视春 晚上 表演 唱歌 黄圣 依等 合作,0
 透露 人物一 女儿 人物二 有望 加盟 借此 正式 进军 娱乐圈 潘长江 女儿 潘阳 同台 对决,0
 人物一 小女儿 人物二 小名 妞妞 出 生于 年 美女 人物一 第二任 妻子 马丽娟 生 龙凤胎 中 女儿,0
 人物二 演艺 经历 网友 爆料 称 人物一 女儿 人物二 已经 报名 正式 进军 相关 图片 娱乐圈,0
 年 月 日 人物一 时隔 年 更 博为 女儿 拉票 妞妞 人物二 映客 直播 号 个人资料,0
 人物二 个人 生活 年 月 人物一 十四岁 女儿 妞妞 自拍照 曝光 妞妞 已经 十四岁 人物二 即将 进入 高中 就读,0
 人物一 女儿 人物二 曝光 度要 高 主要 女儿 能歌善舞 消息 说 参加 日本 少女 团体 正式 加入 娱乐圈,0
 出新 消息 人物一 女儿 人物二 报名 日本 女子 天团 中国 姐妹 团 招募 活动,0
 人物二 趣闻轶事 人物一 身边 人员 多位 徒弟 保安 众口一辞 人物一 教育 儿女 非常 严厉,0
 人物二 金庸 武侠小说 雪山飞狐 女主角 金面佛 人物一 南兰 之女 金庸 小说 里 少见 大家闺秀,0
 年 制片方 香港 无线 主演 吕良伟 饰 胡斐 胡一刀 谢贤 饰 人物一 周秀兰 饰 袁紫衣 曾华倩 饰 人物二,0
 年 制片方 香港 佳视 主演 卫子云 饰 胡斐 胡一刀 白彪 饰 人物一 米雪 饰 袁紫衣 李通明 饰 人物二,0
 人物二 大事纪 表 乾隆 年 飞狐 回 南兰 跟随 田归农 人物一,0
 集 杜希孟 为迫 人物一 就范 人物二 点 穴道 衣服 抢 安放 房中 床上 令 羞惧 万分,0
 长大 胡斐 寻 人物一 为父 报仇 途中 邂逅 程灵素 袁紫衣 人物一 之女 人物二 展开 一段 缠绕 不清 恋情,0
 电视 香港 无线 黄日华 饰 胡一刀 陈锦鸿 饰 胡斐 佘诗曼 饰 人物二 张兆辉 饰 田归农 尹扬明 饰 人物一,0
 人物一 击败 杜希孟 赶到 约 胡斐 决斗 胡将 杜希孟 归还 遗物 交给 人物二 人物一,0
 认识 人物一 女儿 人物二 无奈 锺 情 於,0
 人物一 妻子 两人育 一女 人物二,0
 人物一 彩云 国 物语 中 人物 红家 长子 人物二 父亲 黎深 玖 琅 兄长 红仙 蔷薇 姬 夫君,0
 蔷薇 姬 人物 介绍 人物二 母亲 人物一 妻子,0
 雪 纱衣 同名 小说 由罗绘里 漫画 中 角色 人物二 母亲 人物一 妻子 蔷薇 仙子 化身,0
 年初 人物一 之女 人物二 奉霄 太师 之命 入宫 侍奉 君王,0
 人物二 齐昊 人物一 之女 张小鼎 玩伴,0
 师侄 人物二 齐昊 人物一 之女 张小鼎 张小凡 陆雪琪 之子,0
 唐中宗 即位 人物一 之女 人物二 为昭容 上官仪 父子 有所 追赠 绣像 凌烟阁 追封 楚国 公,0
 人物一 年 公元 年 月 日 字公壁 又名 纯 上官仪 长子 人物二 父,0
 人物一 女儿 人物二 唐中宗 时为 昭容 常常 侍奉 皇帝 草拟 制 诰 追赠 上官仪 中书令 秦州 都督 楚国 公,0
 中宗 即位 人物一 女 人物二 为昭容 上官仪 父子 有所 追赠 绣像 凌烟阁 追封 楚国 公,0
 人物二 人物 来历 淮海 锣鼓 词 中 玉皇大帝 妹妹 私下 凡间 人物一 结合 生下 杨 二郎,0
 注 古代 神话 中 瑶姬 人物一 杨蛟 杨戬 人物二 无关 词条 所述 瑶姬 身份 事迹 电视剧 宝莲灯 前传 改编,0
 人物一 剧情 后事 二 儿子 杨戬 带 妹妹 人物二 九死一生 逃,0
 杨蛟 角色 设定 人物一 瑶姬 大儿子 杨戬 人物二 之兄,0
 中国 古代 神话 中 瑶姬 杨戬 人物二 人物一 杨蛟 无关 上述 身份 电视剧 篡改,0
 玉帝 妹妹 瑶姬 私婚 凡间 书生 人物一 生 杨蛟 杨戬 人物二 三个 孩子,0
 六大 派 远征 光明顶 一战 光明 顶上 淬然 遇见 人物一 之女 人物二 时 反应 便 看得出来 人物一 思念 有多深,0
 金庸 笔下 人物 金庸 经典 人物 人物二 人物一 命名 两个 短篇 故事 更是 颠覆 彻底,0
 当初 人物一 殷梨亭 先有 婚约 遇上 杨逍 人物一 杨逍 拘禁 而强 怀孕 只得 暗中 生 人物二,0
 人物一 惨死 灭绝 手下 临终前 人物二 托付 张无忌 恳请 送 人物二 昆仑山 找 父亲 杨逍,0
 倚 小昭 人物二 周芷若 殷素素 辉月使 朱九真 殷离 人物一 赵敏 黛绮丝 杨湘 绮,0
 人物二 金庸 小说 倚天 屠龙记 中 人物 峨嵋派 高徒 人物一 明教 光明 左使 杨逍 女儿,0
 人物 人物二 人物一,0
 峨嵋 女弟子 人物一 一段 情缘 杨逍 悲 去世 一生 娶 抚养 女儿 人物二 长大 桀骜 浪子 转变 慈父,0
 倚 小昭 人物二 周芷若 殷素素 辉月使 朱九真 殷离 人物一 赵敏 黛绮丝 杨湘 绮,0
 视 版 倚天 屠龙记 中一人 分饰 人物一 人物二,0
 杨逍 峨嵋 女弟子 人物一 一段 情缘 杨逍 悲 去世 一生 娶 抚养 女儿 人物二 长大 桀骜 浪子 转变 慈父,0
 萧大陆 版 殷梨亭 过程 中 殷梨亭 人物二 感情 变化 看成 人物一 渐渐 人物二 人物二,0
 倚 小昭 人物二 周芷若 殷素素 辉月使 朱九真 殷离 人物一 赵敏 黛绮丝,0
 曾经 峨嵋派 人物一 订有 婚约 人物一 死后 人物一 杨逍 之女 人物二 结婚,0
 当初 人物一 殷梨亭 先有 婚约 遇上 杨逍 两人 相恋 后生 女儿 取名 人物二 女儿 取名 不悔 表示 后悔 段 关系,0
 当时 明月 金庸 笔下 人物 金庸 经典 人物 人物二 人物一 命名 两个 短篇 故事 更是 颠覆 彻底,0
 人物一 临死前 拜托 张无忌 女儿 人物二 送到 杨逍 身边,0
 十四岁 张无忌 护送 峨嵋 女侠 人物一 女儿 人物二 远 赴 昆仑山 寻父 杨逍 真正 踏入 身不由己 江湖,0
 最后 旧 爱 人物一 女儿 人物二 发展 一段 忘年 之恋 喜结连理 夫妻情 爱 甚笃 终得 圆满,0
 家有 儿女 Ⅲ 人物 介绍 人物二 岁 人物一 长女 刘梅 继女 夏雨 姐姐,0
 家人 人物一 丈夫 刘星 夏雨 儿子 人物二 女儿 胡一统 前夫,0
 刘梅 每天 人物二 带上 饭菜 找 工作 人物一 刻意 人物二 推荐 工作 机会 人物二 拒绝,0
 内容简介 男主人 人物一 跟随 前妻 美国 陪读 工作 离婚 带 儿子 夏雨 归国 发展 国内 长大 女儿 人物二 团聚,0
 刘梅 没 拦住 人物二 只好 转过 头 劝 人物一 人物二 倔强 孩子 只能 慢慢来,0
 高傲 人物二 不愿 坦白 位置 刘梅 人物一 维护 人物二 面子 装做 知道,0
 人物二 创业 人物一 认为 浪费时间 走弯路 人物二 发生争执 人物二 一气之下 租房子 出去 住 人物一 非常 震怒,0
 刘梅 人际关系 家人 人物一 丈夫 刘星 夏雨 儿子 人物二 女儿 胡一统 前夫,0
 家有 儿女 中 夏雨 人物二 亲妈 人物一 前妻,0
 家有 儿女 演员 高亚麟 扮演 人物一 剧中 演员 杨紫 扮演 人物二 人物一 女儿 剧外 高亚麟 杨 紫 道具 爸爸,0
 夏雨 决心 找 淘淘 报仇 人物二 此事 告诉 人物一 人物一 刘梅 连夜 商量 解决办法,0
 夏雨 身份 人物一 小儿子 人物二 刘星 之弟,0
 周英华 甚少 公众 场合 表达 家族 看法 包括 爱女 人物二 母亲 人物一,0
 人物二 母亲 人物一 相比 父亲 周英华 显然 低调,0
 年 人物一 周英华 结婚 两年 人物二 出生 英文名 预示 周家和 中国 千丝万缕 无法 割舍 联系,0
 人物二 父亲 周英华 令人遗憾 人物一 周英华 分手 之后 屡次 遇人不淑,0
 人物二 个人经历 人物一 爱女 取名为 人物二 人物一 想 追生,0
 首次 曝光 人物一 女儿 首 曝光 年 月 岁 人物一 破格 当爸 女儿 人物二 出生 人物一 便 媒体 进行 攻防战,0
 年 月 日 人物一 爱女 人物二 保密工作 做到 滴水不漏 女儿 诊所 打针 出动 四名 保镖,0
 年 月 日 朱丽倩 香港 养 医院 产下 女儿 人物二 人物一 正式 升格 成为 爸爸,0
 位 保镖 戒护 人物一 一家 三口 迅雷不及掩耳 速度 进入 大厅 电梯 刚满 半岁 女儿 人物二 终于 首度 曝光,0
 人物一 女儿 首 曝光 年 月 岁 人物一 破格 当爸 女儿 人物二 出生 人物一 便 媒体 进行 攻防战,0
 名字 人物一 夫妇 爱女 办理手续 人物一 爱女 取名为 人物二 人物一 想 追生,0
 水浒传 中 人物 人物一 绰号 山 夜叉 出自 早期 版本 水浒传 梁山 好汉 母夜叉 人物二 父亲 菜园子 张青 岳父,0
 原来 此人 人物二 父 人物一 后见 张青 聪明能干 便 女儿 许配 张青,0
 人物二 黑店 祖传 父亲 山 夜叉 人物一 江湖 前辈,0
 几年 人物一 病故 张青 人物二 夫妻 二人 重回 光明 寺 居住,0
 人物一 先生 不让 这本 书 人物二 偷,0
 人物一 女儿 人物二 告诉 记者 这件 案子 牵涉 双方 比较 引人注目 法院 判 一边 觉得 不妥 一拖再拖,0
 人物一 家中 藏书 甚 朝阳区 藏书 状元 之称 人物二 特别 喜欢 父亲 书 看着 书架上 满满的 人物二 心里 觉得 踏实,0
 人物一 先生 时 住 朝阳区 东大桥 民宅 里 小女儿 人物二 住在一起,0
 人物一 女儿 人物二 人物二 新凤霞 之女,0
 参加 北京 卫视 春晚 人物一 之女 人物二 老师 同台 演绎 小品 回家 过年,0
 章世钊 女 章含之 四代 猴王 传到 六小龄童 人物一 新凤霞 女儿 人物二 明星 黎莉莉 外孙女 潘婕 相声 世家子弟 常贵田,0
 国贸 案 结束 感言 中 人物一 回忆 道 年 月 日 下午 两点 人物一 带 小女儿 人物二 走 朝阳区 法院 出席 最后 庭审,0
 年 人物一 沈阳 结婚 年 月 生育 女儿 人物二 阳洋,0
 人物二 沈阳 人物一 之女 年 出生,0
 画展 开幕 人物二 百忙之中 抽空 出场 爸爸 助阵 人物一 非常高兴,0
 一直 钦羡 人物二 大气 淡然 到底 从何而来 一刻 记者 人物一 淡泊 从容 人生哲学 中 恍然 找到 答案,0
 人物一 说 身在 美国 女儿 人物二 想来 工作 忙 未能 捧场,0
 难道真 人物二 母亲 人物一 所言 年代 初 炒股 积累 起来,0
 人物一 女 户口 所在地 深圳 宝安 炫富 女 人物二 妈妈 年 有意 包装 人物二,0
 人物二 母亲 人物一 笔者 讲述 故事,0
 该次 访谈 中 人物二 之母 人物一 表示 年 投资 股票 几个 月 赚 几百万 一直 有钱,0
 人物一 采访 中向 外界 表明 财富 可观 人物二 出生 之前 年 深圳 两套 房子 几百万 现金,0
 微博炫富 事件 母女 专访 人物二 事件 事发 一个多月 人物二 母亲 人物一 终于 公开 露面 解释 事件 来龙去脉,0
 人物一 所说 人物二 出生 前 好几百万,0
 年 人物一 包装 人物二 自称 女儿 演艺 娱乐 事业 经纪人,0
 母女 专访 人物二 事件 事发 一个多月 人物二 母亲 人物一 终于 公开 露面 解释 事件 来龙去脉,0
 年 月 人物二 炫富 事件 发生 人物一 一度 成为 网友 肉 搜索 对象,0
 郭美玲 个人 专访 郎咸平 说 人物二 事件 事发 一个多月 郭美玲 母亲 人物一 终于 公开 露面 解释 事件 来龙去脉,0
 炫富 女 人物二 妈妈 人物一 女 户口 所在地 深圳 宝安 炫富 女 人物二 妈妈 年 有意 包装 人物二,0
 深圳 财经 生活 频道 接到 罗湖区 水库 新村 市民 爆料 人物二 母亲 人物一 租住 房子 欠下 元 房租 没 交,0
 说 最后 人物二 母亲 人物一 哽咽 起来,0
 人物二 人物 设定 人物二 人物一 赵薇 饰 罗素 佟 大为 饰 唯一 女儿,0
 毕然 角色 简介 人物一 亲兄弟 不靠 谱 豺 舅舅 说话 大脑 人物二 老师 赵佳乐 相爱,0
 人物一 人际关系 女儿 人物二 燕京大学 经济系 进步 学生,0
 人物一 回家 正好 撞 人物二 方孟韦 吵架 再次 训斥 人物二 不要 梁经纶 扯 关系,0
 人物一 德胜门 解放军 进城 幻觉 中 看到 女儿 人物二 身影,0
 年 月 日 人物一 抱 女儿 人物二 冒雨 投奔 中央银行 总部 工作 方步 亭,0
 方步 亭 行长 必须 以身作则 家中 金银 上交 包括 妻子 程小云 婚戒 留给 人物二 出嫁 金镯子 人物一 批 太过分,0
 张月 印 表达 崔中 石 牺牲 惋惜 人物一 交代 梁经纶 真实 身份 人物二 已经 梁经纶 成为 恋人 情况,0
 徐铁 英突 闯 金库 指认 崔中 石 人物一 共产党 说 人物二 手上 人物一 逼要 账册 反 人物一 一道 锁 金库,0
 发粮 当日 达到 方家 见方 步亭 人物一 方步 亭 配合 币制 改革 条件 可达 提出 交易 方孟敖 人物二 发粮 之后 抽身,0
 人物二 人物 简介 人物二 维和 英雄 人物一 女儿 就读于 中国 人民 公安大学,0
 人物二 维和 英雄 人物一 女儿 就读于 中国 人民 公安大学,0
 年 女儿 人物二 中国 人民 公安大学 努力学习 人物一 生活照 张,0
 人物二 人物 事迹 年 海地 发生 级 地震 正在 执行 维和 任务 人物一 不幸遇难 牺牲,0
 人物一 故居 人物二 简介 人物二 女 原名 浦 琼英 人物二 父 人物一,0
 人物一 故居 中国 近代 民族 工商业者 商贾 将军 人物一 故居 邓小平 夫人 人物二 故居,0
 人物一 人物二 简介 人物二 女 原名 浦 琼英 云南省 曲靖市 宣威 榕 城镇 普家 山村,0
 北边 楼房 一层 中间 人物一 家 烧香拜佛 佛堂 佛堂 隔壁 一间 不大 厢房 这是 人物二 北京 求学 前 卧室,0
 人物一 邓小平 夫人 人物二 父亲,0
 邓小平 妻子 人物二 原名 浦 琼英 人物一 小女儿 年 月 邓小平 结婚 二人 均 属 龙 人称 双龙 夫妇,0
 人物一 宣威 榕 城镇 学名 浦 钟杰 邓小平 夫人 人物二 父亲,0
 越方凝 大陆 新 武侠 领军人物 凤歌 力作 沧海 中 并未 正面 出场 人物 隶属 西城 火部 乃火部 之主 人物一 师妹 兼 妻子 育有 一女 人物二,0
 人物二 凤歌 山海经 小说 第二部 沧海 中 重要 女主角 人物一 越方凝 之女,0
 人物二 愣 陆渐 扯住 袖口 微微 摇头 人物二 轻咬 朱唇 蓦地 摆脱 陆渐 走 人物一 近前,0
 人物一 伸出 手 指尖 拂过 人物二 如玉 面庞 一时间 人物一 脸上 流露出 怅惘 之色 喃喃 道 真像 真像,0
 昨天 人物二 新婚 典礼 人物一 感慨万分 说 女儿 结婚 兴奋 整夜 没 睡 现在 年纪 不介意 早点 姥爷,0
 人物一 前妻 葛淑珍 女儿 人物二 人物二 年 月 日出 生于 辽宁省 铁岭市 开原县 莲花 乡石 嘴 沟村,0
 紧握 父亲 人物一 双手 披 洁白 婚纱 人物二 流下 激动 泪水,0
 人物二 网上 看到 报道 便 找到 爸爸 人物一 商量 说 想 铁岭 开 一家 正宗 差钱 餐馆 希望 老爸 大力支持 人物一 一口 答应,0
 人物二 人物 经历 年 月 人物一 葛淑珍 和和气气 办理 离婚 手续,0
 女儿 成家 完成 心愿 本山 前妻 所生 女儿 人物二 今年 已经 岁 年 女儿 婚事 人物一 没少 四处 张罗,0
 人物二 感人 处 著名 笑星 人物一 女儿 人物二 女婿 汪洋 铁岭 完婚,0
 人物二 美好 祝福 人物一 招 铁岭 女婿 叮嘱 女儿 好好 过日子 金秋 十月 真是 办喜事 好日子 人物一 选 收获,0
 人物二 人物一 前妻 葛淑珍 所生 女儿 年 月 日 人物一 一手 操办 人物二 男友 汪洋 喜结良缘,0
 后来 唐玄宗 封 唐中宗 女 人物一 女儿 韦氏 人物二 下嫁 李鲁 苏,0
 人物二 父为 韦捷 母为 人物一 李季 姜,0
 唐开元 十四年 公元 年 唐玄宗 唐中宗 李豫 之女 人物一 女儿 人物二 嫁给 库莫奚 族 酋长 李鲁 苏,0
 人物二 年 月 日 出生 当红 明星 人物一 先生 刘冠廷 女儿,0
 人物二 个人资料 年 妈妈 人物一 加盟 加油 当家,0
 人物一 未来 女儿 人物二 遵从 父亲 况天佑 之命 年 未来 来到 现代 住 中 帮忙,0
 人物一 僵尸 形态 人物一 年 回来 女儿 人物二 咬伤,0
 人物一 阻止 况天佑 参加 人神 之战 导致 地球 毁灭 人类 灭绝 人物二 一直 恨 人物一,0
 人物二 终于 明白 源头 竟然 恨 母亲 人物一 原来 恨,0
 紫眸 人物一 女儿 人物二 咬过 之后 尸毒 发作 陷入 疯狂,0
 天涯 路 内容简介 末世 重生 成为 僵尸 有个 约会 中 人物一 况天佑 女儿 人物二,0
 创作 历程 年 夏 年冬 钱钟书 先生 女儿 人物二 相继 住院 人物一 女士 八十多岁 奔波 于家 两所 医院 之间,0
 年 人物二 北师大 外语系 教授 钱钟书 人物一 独女,0
 年 人物二 第二任 丈夫 杨伟 成 母亲 人物一 著书 人物二 组建 新 家庭,0
 人物二 内容简介 该书 人物一 人物二 继子 继女 师长 学生 同事 好友 合著,0
 钱钟书 人物一 女儿 人物二 年 月 生于 英国牛津 钱钟书 人物一 女儿 北京师范大学 英语系 教授,0
 月 日 崔光 朝鲜 军事家 年 月 月 日 人物二 北师大 外语系 教授 钱钟书 人物一 独女,0
 婚后 人物二 夫妇俩 婚姻生活 非常 幸福 王德一 钱钟书 人物一 夫妇 关系 非常 亲密 人物一 亲手 帮 王德一 理过 发,0
 但罕为 人知 人物一 唯一 女儿 人物二 此前 年 先,0
 人物二 生前 北京师范大学 英语系 教授 中国 学界 德高望重 钱钟书 人物一 夫妇 女儿,0
 人物一 女士 仪式 谈到 一个 代表 三个 代表 已经 去世 钱钟书 女儿 人物二 母校 捐赠,0
 人物二 母亲 人物一 交往 必得 有个 机缘,0
 据悉 书中 收有 大量 人物二 照片 幅照片 人物一 先生 亲笔写 说明 文字 人物一 先生 称 人物二 平生 惟一 杰作,0
 人物二 作家 人物一 人物二 继子 继女 师长 学生 同事 好友 合著 一本 钱媛 生活 家庭 工作 点点滴滴 事 书籍,0
 人物一 先生 称 人物二 平生 唯一 杰作 简单 平淡 语言 中 透出 无尽 自豪 满意,0
 夫人 人物一 著名作家 育有 一女 人物二 年 年,0
 人物二 序中 人物一 写道 夫妇 探讨 女儿 个性,0
 人物二 生活 读书 新知 三联书店 年 出版 图书 人物一 著,0
 人物二 个人 生活 人物二 母亲 人物二 母亲 钱钟书 夫人 人物一 年 月 日 时 分 去世 享年 岁,0
 阶级斗争 如火如荼 阿圆 钱钟书 人物一 女儿 人物二 小名 厂 劳动 返回 学校,0
 钱钟书 人物一 女儿 人物二 北京师范大学 英语系 教授 钱钟书 人物一 女儿,0
 人物一 笑一笑 不置可否 转眼 望去 人物二 注视 眼中 透出 恼恨 之色,0
 人物二 著名 导演 人物一 之女 出 生于 年 月 日 原名 冯思语,0
 人物一 徐帆 十一年 婚姻 中 一直 没有 儿女 人物一 一个 独生女 人物二 前妻 生,0
 年 月 日 人物一 女儿 人物二 出生,0
 人物二 人物 轶事 人物一 参加 女儿 冯思语 岁 成人礼,0
 人物二 著名 导演 人物一 之女 出 生于 年 月 日 原名 冯思语,0
 人物二 人物 评价 模样 酷似 父亲 人物一 很漂亮,0
 人物 经历 人物二 年龄 周岁 人物一 曾离 一次 婚 前妻 张女士 年 月 日生 一个 女儿 取名为 冯思语,0
 人物一 女儿 名字 改了 一个 字 冯思语 改为 人物二,0
 年 月 日 人物一 人物二 就读 北京市 北大附中 出席 该校 高三 学生 成人 典礼,0
 人物二 家庭成员 人物二 人物一 冯思语 父亲 中国 著名 导演,0
 曹操 第十 子 中山王 曹兖 人物二 人物一 生 秦朗 同母异父,0
 曹操 第十 子 中山王 曹衮 人物二 人物一 生 秦朗 同母异父,0
 妻 人物二 曹操 人物一 所生 女 人物一 吕布 手下 秦宜禄 之妻 曹操 养子 秦朗 生母,0
 人物一 一个 女儿 人物二 嫁给 何晏,0
 人物一 齐桓公 之女 生 人物二 申生,0
 人物二 称 伯姬 秦 人物二 姬姓 晋献公 人物一 之女 申生 同母 姐 嫁 秦穆公 故称 人物二,0
 后来 人物一 生一女 人物二 秦穆公 夫人,0
 晋献公 即位 便 其父 晋武公 姬妾 人物一 齐桓公 之女 私通 生 儿子 申生 女儿 人物二 秦穆公 夫人 人物一 很早 去世,0
 父亲 晋武公 妾 人物一 生 人物二 太子 申生,0
 吸星 大法 修炼 吸星 大法 人物一 人物一 人物二 父亲 日月神教 教主 武功 非凡 小说 中 数一数二 人物,0
 人物二 之后 令狐冲 一起 前往 梅庄 救 人物一 令狐冲 换作 人物一 替身 遭禁,0
 人物二 日月神教 教主 人物一 独女 东方不败 夺权 尊为 圣姑 隐居 洛阳 嫁 令狐冲 为妻,0
 人物一 去世 女儿 人物二 暂代 教主 之位,0
 雪心 人物一 妻子 人物二 之母,0
 修炼 人物一 人物一 人物二 父亲 日月神教 教主 武功 非凡 小说 中 数一数二 人物,0
 魔教 之中 除去 东方不败 人物一 更 人物二 黄河老祖 向问天 江湖 名人 可谓 神出鬼没 亦正亦邪 南 武林 大派,0
 人物二 日月神教 教主 人物一 之女 日月神教 圣姑,0
 魔教 教主 人物一 神秘 失踪 护法 左使 曲洋 指 杀 教主 凶手 遭 教众 围剿 曲洋 挟持 人物一 独生 女儿 人物二 逃遁 不知 所踪,0
 人物二 基本 资料 版 人物二 身份 日月神教 圣姑 人物一 去世 继位 日月神教 教主 传位 向问天,0
 基本 资料 版 人物二 身份 日月神教 圣姑 人物一 去世 继位 日月神教 教主 传位 向问天,0
 刘骏 皇后 人物二 琅 玡 临沂人 父亲 人物一 东晋 丞相 王导 玄孙 尚书 王嘏 儿子 母亲 东 晋孝武帝 女儿 鄱阳 公主,0
 人物二 兄弟 王藻 人物一 长子 官至 东阳 太守 娶 宋文帝 刘义隆 第六 女 临川 长 公主 刘英媛,0
 人物一 年 年 字 子游 出身 琅 琊 王氏 政治 人物 南朝 宋孝武帝 刘骏 皇后 人物二 父亲,0
 人物二 出身 显贵 家庭 生母 东 晋孝武帝 女儿 鄱阳 公主 父亲 人物一 东晋 宰相 王导 后裔,0
 人物二 家庭成员 人物二 父母 父亲 人物一 东晋 丞相 王导 玄孙 官至 散 骑常侍 右卫 将军 死后 追赠 开府 仪同 三司 谥号 恭公,0
 人物一 魔门 合作 准备 颠覆 李唐 怕 徐子陵 遇害 女儿 人物二 归宿 传其 死 印法,0
 唯一 例外 碧秀心 人物一 生下 人物二,0
 此事 令 人物二 十分 谅解 父亲 造成 人物一 性格 分裂 痛苦 自责 十多年,0
 後 人物一 遇到 慈航静 斋 碧秀心 两人 一见倾心 生下 一女 当代 箫艺 人物二,0
 人物一 魔门 合作 准备 颠覆 李唐 怕 徐子陵 遇害 女儿 人物二 归宿 传其 不死 印法,0
 後 人物一 遇到 慈航静 斋碧秀心 两人 一见倾心 生下 一女 当代 箫艺 人物二,0
 人物一 碧秀心 相恋 后生 人物二 人物一 性格 影响 写下 自创 死 印法于 卷上 碧秀心 读后 导致 减寿 数年 撒手人寰,0
 这位 父亲 名叫 人物一 岁 女儿 名叫 人物二 岁,0
 人物一 眼里 女儿 人物二 美丽 善良 纯洁,0
 这位 父亲 名叫 人物一 岁 人物二 岁,0
 这位 父亲 名叫 人物一 今年 岁 女儿 名叫 人物二 岁,0
 人物二 父亲 人物一 一起 创作 东方 神女 山鬼 系列 油画 一经 展出 社会 引起 热议,0
 人物一 人物二 油画 作品 四川 美术 出版社 出版 图书 作者 人物一 人物二,0
 年 人物一 携 女儿 人物二 一起 参加 湖南卫视 亲子 真人秀 节目 爸爸,0
 年 人物一 携 女儿 人物二 一起 参加 湖南卫视 推出 大型 亲子 真人秀 节目 爸爸 节目 收视 大热 广泛 关注,0
 人物二 个人 生活 人物二 母亲 主持人 李湘 父亲 导演 人物一,0
 人物一 父女 人物一 天秤座 人物二 天秤座,0
 人物一 第一季 爸爸 拍摄 期间 说 想 一天 专门 人物二 拍摄 一部 片子,0
 年 月 日 父亲 人物一 人物二 父女 共同 代言 星 牛奶 拍摄 电视广告,0
 嫁给 新锐 导演 人物一 之后 生 漂亮 女儿 人物二 前夫 失败 婚姻 始终 将会 成为 内心 一道 阴影,0
 村长 哪鹅 安吉拉 人物二 年 月 日出 生于 中国 北京 主持人 李湘 导演 人物一 女儿 小名 恬恬,0
 伊能静 获得 年度 先锋 人物 大奖 人物一 李湘 女儿 人物二 一家 获得 年度 风尚 家庭 大奖,0
 人物一 指导 郭涛 林志颖 张亮 人物一 人物二 小小 志 张悦轩 主演,0
 家庭 人物一 左一 人物一 中旭 能科 监事 黄渝生 之妻 有个 女儿 名叫 人物二 英文 名叫 早就 加入 美国 籍,0
 人物二 人物 关系 父亲 黄渝生 母亲 人物一 丈夫 周滨,0
 人物一 黄渝生 有个 女儿 名叫 人物二 英文 名叫 早就 加入 美国 籍,0
 人物一 女 丈夫 黄渝生 女儿 人物二 女婿 周滨,0
 年 中旭 阳光 股份 有限公司 北京 成立 股东 人物二 妈妈 人物一,0
 人物一 家庭 人物一 左一 人物一 中旭 能科 监事 黄渝生 之妻 有个 女儿 名叫 人物二 英文 名叫 早就 加入 美国 籍,0
 家庭成员 黄渝生 人物一 有个 女儿 名叫 人物二 英文 名叫 早就 加入 美国 籍,0
 人物一 女 丈夫 黄渝生 女儿 人物二 女婿 周滨,0
 人物二 丈夫 周滨 母亲 人物一 涉案 中 石油 系统 四川 官场 大规模 贪腐 案件 备受 关注,0
 房产 登记 黄渝生 人物一 名下 屋主 包括 周永康 儿子 周滨 妻子 人物二,0
 黄渝生 家庭成员 黄渝生 人物一 有个 女儿 名叫 人物二 英文 名叫 早就 加入 美国 籍,0
 之后 段誉 赶往 万仇谷 求助于 人物二 母亲 人物一 钟万仇 误会 导致 人物一 不能 离开 段誉 人物二 生辰八字 找 段正淳,0
 名字 人物二 段正淳 私生女 母亲 俏 药叉 人物一,0
 俏 药叉 人物一 丈夫 人物一 段正淳 情人 人物一 段正淳 一个 私生女 人物二,0
 人物二 金庸 武侠小说 天龙八部 中 人物 段正淳 私生女 母亲 俏 药叉 人物一,0
 人物二 名字 人物二 段正淳 私生女 母亲 俏 药叉 人物一,0
 人物 生平 人物二 金庸 武侠小说 天龙八部 人物 段正淳 情妇 俏 夜叉 人物一 黄杏秀 版 人物二 女 养父 见 杀 钟万仇,0
 籍贯 广东 番禺 香港 出生 伴侣 人物一 育有 女儿 人物二 父亲 亚洲电视 主持 六合彩 节目 多年 之冬叔 夏 春秋,0
 年 月 吴君如 人物一 相恋 九年 诞下 女婴 人物二,0
 丈夫 著名 导演 人物一 育有 女儿 人物二 父亲 亚洲电视 主持 六合彩 节目 多年 之冬叔 夏 春秋,0
 人物二 年 年 清 咸丰帝 长女 母 人物一 他拉氏,0
 固伦 公主 人物二 人物二 咸丰帝 长女 母 人物一 他拉氏 咸丰 五年 年 五月 初七 生,0
 人物二 人物二 咸丰帝 长女 母 人物一 他拉氏 咸丰 五年 年 五月 初七 生,0
 人物一 人物 家庭 妻子 著名演员 张伟欣 女儿 金马 影后 人物二,0
 人物二 嘉庆 第三 女 人物一 生 生于 乾隆 四十六年 年 十二月,0
 人物一 刘氏生 人物二,0
 人物一 皇三女 人物二 嘉庆帝 第三 女 母嘉 亲王 侧妃 刘佳 氏 乾隆 四十六年 十二月 十七 生,0
 人物一 假面 骑士 人物 猎手 组织 职业 战士 岛 右臂 人物二 母亲,0
 陈达海 杀害 李三 人物一 凶手 原 镖师 一直 追杀 人物二 人物二 重伤,0
 人物二 人物 经历 吕梁 三杰 霍元龙 史仲俊 陈达海 抢夺 一幅 埋藏 宝物 高昌 迷宫 图 带人 师妹 人物一 夫 白马 李三 交手,0
 邓拱璧 人物 生活 人物一 邓拱璧 婚姻 维持 十年 邓拱璧 人物一 诞下 一女 人物二 香港 演艺 学院 毕业 投身 话剧界,0
 人物二 个人经历 父亲 人物一 合照,0
 人物二 简短 对话 冼星海 知道 人物一 人物二 父亲,0
 人物二 社会关系 人物二 父亲 人物一 年经 董必武 陈潭秋 介绍 入党 早期 党员 我党 历史 著名 宣传 家 教育家,0
 会 前 冼星海 受命 谱写 人物一 先生 挽歌 没想到 前来 取歌 竟是 双眼 红肿 人物二,0
 人物二 冼星海 年 月 日 人物一 不幸 沪 病逝,0
 人物二 年 月 出 生于 北京 一个 外交官 家庭 父亲 前 驻 比利时 日本 大使 人物一 先生,0
 人物二 岁 时 父亲 人物一 初出 国门 来到 中国 驻 伊拉克 大使馆,0
 过去 四分之一 世纪 中 人物二 父亲 人物一 中国 常驻 联合国 代表团 参赞 父女 次第 出使 比利时,0
 薛润 吾 人物一 生 一窝 凤凰 人物二 四只 凤凰 中 年幼 一个,0
 薛润吾为 人物一 生 一窝 凤凰 人物二 四只 凤凰 中 年幼 一只,0
 人物二 父亲 人物一 年 月 生于 古都 北平 祖籍 山东 聊城,0
 年 弹指 过去 人物一 卸任 归来 章家 女 初长成 人物二 六年级 小学 毕业生,0
 人物二 家庭成员 人物二 父亲 人物一 出任 中国 驻 比利时 驻 日本国 大使 中国 驻 联合国 政务 参赞,0
 李崇 之子 人物一 人物二 父亲,0
 郑 人物一 生 人物二,0
 人物二 年 明太祖 朱元璋 第八 女 祖籍 安徽 凤阳 母郑 人物一,0
 郑 人物一 生 人物二,0
 人物二 母 人物一 郑氏 年 下嫁 凤翔 侯 张龙 子 张麟,0
 人物二 年 人物二 结婚 其父 人物一 五 四 运动 重要 学生 领袖 后来 担任 全国人大常委会 副委员长,0
 邓稼先 妻子 人物二 年 人物二 结婚 其父 人物一 五 四 运动 重要 学生 领袖 后来 担任 全国人大常委会 副委员长,0
 年 人物二 结婚 人物二 五四运动 重要 学生 领袖 后来 担任 全国人大常委会 副委员长 人物一 长女,0
 人物二 父亲 人物一 早年 毕业 黄埔军校 期 母亲 山东 泰安市 东平县,0
 人物一 概况 人物一 河北省 邯郸市 大名县 大街 乡 邓台 村人 人物二 父亲,0
 人物一 河北省 邯郸市 大名县 大街 乡 邓台 村人 人物二 父亲,0
 意犹未尽 今日 请来 一批 爱狗 人士 彭健新 人物一 人物二 朱凯婷 沈卓盈 到访 犬舍 接受考验 更加 码玩够 小时,0
 人物一 年 香港 小姐 最上 镜 小姐 人物二 父亲,0
 人物二 年 月 日 香港 著名 艺人 人物一 女儿,0
 人物一 人物二 钱钟书 夫人 父亲,0
 岁 兄长 人物一 当代 著名作家 人物二 父亲 曾以 南洋 公学 官费 留学生 身份 年 赴 日本 进入 早稻田大学 学习,0
 听 人物二 谈 往事 人物二 简介 人物二 人物一 之女 祖籍 江苏 无锡 生于 北京,0
 人物二 简介 人物二 人物一 之女 祖籍 江苏 无锡 生于 北京,0
 人物一 个人 事业 人物一 帮忙 打理 女儿 人物二 演艺 工作 一直 专注 人物一 妻女 张,0
 女演员 人物二 父亲 人物一 内地 女演员 人物二 爸爸,0
 梁洁华 个人 生活 年 月 日 人物一 结婚 年 月 日生 女儿 人物二 婚后 息影 转 作 保险经纪,0
 人物二 女 年 出生 毕业 香港理工大学 人物一 太太 梁洁华 宝贝女儿,0
 年 月 日 梁洁华 病情 好转 首度 出席 公开 活动 丈夫 人物一 一齐 力撑 爱女 人物二 走秀,0
 年 月 日 人物一 结婚 年 月 日生 女儿 人物二 婚后 息影 转 作 保险经纪 现为 保险公司 高级经理 人员,0
 年 人物一 女儿 人物二 出生,0
 天涯 路 内容简介 末世 重生 成为 僵尸 有个 约会 中 马小玲 人物一 女儿 人物二,0
 马小玲 未来 女儿 人物二 遵从 父亲 人物一 之命 年 未来 来到 现代 住 中 帮忙,0
 人物二 人物二 介绍 父 人物一,0
 人物一 更是 女童 拥入 怀中 满脸 温柔 看来 女童 确认 系 人物一 女儿 人物二 无疑,0
 人物二 年 月 日 出生 著名作家 赛车手 人物一 女儿,0
 人物一 金丽华 女儿 出生 人物二,0
 当日 一名 疑似 人物一 女儿 人物二 可爱 女童 现身 媒体 关注,0
 人物二 重要 事件 人物二 微博 曝照 年 月 日 人物一 微博 首次 曝光 张 女儿 正面 小宝贝 眼睛 极大 十分 可爱,0
 人物一 面对 女儿 离婚 人物二 父亲 人物一 旗下 歌手 陈思彤,0
 人物一 女儿 人物二 年 月 爸爸 人物一 一手 统筹 巡回演唱 会 先后 广州 东莞 中山 举行,0
 人物一 广东 东莞 香港 风盛 兴业 娱乐 公司 执行官 人物二 父 父母 离异 父亲 生活 母亲 感情,0
 昨日 日 人物二 母亲 人物一 接受 记者 采访 时 表示 这是 子虚乌有,0
 人物二 郑穆公 之女 母亲 少妃 人物一,0
 人物二 郑穆公 女儿 母亲 少妃 人物一,0
 说 人物一 可能 很多 不知 其名 说 杀三夫 一君 一子 亡 一国 两卿 红颜 人物二 无人不知,0
 人物二 传奇 内容简介 春秋时代 郑穆公 女儿 母亲 少妃 人物一,0
 王语嫣 金庸 武侠小说 天龙八部 中 女主角 段正淳 情妇 人物二 之女 无崖子 人物一 外孙女,0
 后来 武学 典籍 无崖子 人物一 之女 人物二 王夫人 尽数 搬 苏州 曼陀 山庄 琅 嬛 玉洞 中,0
 后章 人物一 人物二 第九 魂环 十万年 魂环 反应 判断 人物二 第八 魂环 黑 万年 魂环 红色 十万年 魂环,0
 人物一 人物 设定 七 宝琉璃 宗 宗主 史莱克 七怪 人物二 父 七十九 级 辅助 系魂 圣 被誉为 斗罗 大陆 第一 辅助 系魂师,0
 人物二 年 月 日 出生 亚洲 天王 人物一 之女 母亲 李靓蕾,0
 人物一 女儿 人物二 年 月 日 出生 亚洲 天王 人物一 之女 母亲 李靓蕾,0
 人物 经历 而据 台湾 媒体 消息 人物一 妻子 系 年 月 日产 女 取名 人物二,0
 年 月 日 美国 时间 月 日 人物一 微博 报喜 妻子 李靓蕾 美国 顺利 产下 女儿 取名为 人物二,0
 人物二 人物 生活 年 月 日 下午 点 分 人物一 微博 报喜 女儿 出生,0
 人物二 人物 经历 而据 台湾 媒体 消息 人物一 妻子 系 年 月 日产 女 取名 人物二,0
 人物一 李靓蕾 年 月 日 成功 生 第一胎 爱女 取名为 人物二 人物一 全程 陪产 母女 平安,0
 女儿 年 夏天 人物一 生 一个 女儿 取名为 人物二 小名 娃娃,0
 人物一 女儿 人物二 年 夏天 人物一 生 一个 女儿 取名为 人物二 小名 娃娃,0
 西游记 中 住 乱石 山碧波 潭 龙宫 里 人物一 女儿 人物二 长得 花容月貌 二十分 人才,0
 九头 驸马 人物一 儿子 说 驸马 正宗 相好 人物二 称呼 公主 原配 丈夫 西海 玉龙 三太子,0
 人物二 中国 古典名著 西游记 中 人物 乱石 山碧波 潭 人物一 之女,0
 人物二 招得 驸马 神通广大 九头鸟 九头鸟 人物一 一起 偷盗 祭赛国 金光 寺 宝塔 国宝 佛宝 舍利子,0
 年 参与 任贤齐 吴倩莲 主演 金庸 武侠剧 神雕侠侣 饰演 人物二 母亲 人物一,0
 年 古天乐 版 神雕侠侣 中 陆展元 却成 人物二 爹 人物一 成 人物二 娘 陆立鼎 陆二娘 均 未 提及,0
 刘天兰 婚姻状况 前夫 人物一 年 结婚 年 离异 育有 一女 人物二,0
 婚姻状况 前夫 人物一 年 结婚 年 离异 育有 一女 人物二,0
 人物二 个人 生活 香港 出生 成长 人物二 父亲 人物一 母亲 刘天兰 香港 文化界 人物,0
 人物二 金正日 长女 金正日 原配 夫人 人物一 之女 出 生于 年,0
 人物一 个人 生活 金日成 介绍 两人于 年 结婚 生下 金正日 长女 人物二,0
 人物二 人物 经历 人物二 金正日 长女 金正日 原配 夫人 人物一 之女 出 生于 年,0
 末世 行 相关 人物 女主角 宫本丽 毒岛冴子 小室 葵 人物一 人物二 鞠川静香,0
 家族 构成 女儿 人物二 妻子 人物一,0
 人物 出处 人物一 高城壮一郎 之妻 人物二 母亲 华尔街 无人不知 超级 商人 休假 回国 时 壮一郎 认识 第二天 结婚,0
 人物一 女儿 人物二 女 人物一 女儿,0
 六月 武昭仪 诬陷 人物二 母亲 人物一 柳氏 求 巫施 厌胜术 诅咒 昭仪 高宗 敕令 禁止 皇后 母亲 柳氏 进入 宫内,0
 唐高宗 李治 人物二 母亲 人物一 柳氏,0
 人物一 影视 形象 版 武则天 人物一 右 人物二 年 武则天 吕中 饰 人物一 柳氏,0
 爆料 人物二 父亲 人物一 年 创立 湖州 老顽童 食品 有限公司 后来 香 飘飘 食品 有限公司,0
 人物二 其父 人物一 现 分持 公司 股权,0
 博彩 元老 人物一 人物一 广东 东莞 澳门 赌场 人称 福哥 人物一 澳门 赌后 人物二 父亲,0
 人物一 台湾 艺人 人物二 徐熙娣 姐妹俩 父亲 年 月 日 去世,0
 加上 生母 道光帝 宠妃 人物一 人物二 便是 道光帝 宠爱 公主,0
 皇九女 人物二 母 人物一 乌雅氏 封 人物二,0
 人物二 亲生 母亲 人物一 孩子 没有 眷恋 没有 尽到 一个 做 母亲 额 职责 义务,0
 人物一 后来 娶妻 生 人物二 白自在 相当 疼爱 孙女,0
 人物二 年 出生 著名 哲学家 人物一 先生 女公子,0
 人物二 乳名 朵朵 英文名 香港 著名 歌手 陈晓东 人物一 之女 年 月 日 出生,0
 人物一 摇晃 女儿 人物二 目光 星海 吸住 收 回来 盯 群星 问 妈妈 宇宙 目的,0
  许娇容 义不容辞 负起 养育 外甥 人物二 人物一 之子 叶童 饰 重任,0
 说 知道 父亲 名为 人物一 母亲 名为 白素贞 竟是 文曲星 转世 人物二 晓得 郁闷,0
 人物一 十分 担心 人物二 派出 蛊兽 人物二 气味 追踪 无意 中令 人物二 身亡,0
 羽裳 失去 人物二 孩子 陪伴 可惜 人物二 看不到 孩子 成长 无法 取得 人物一 原谅,0
 未 孩子 出世 人物二 人物一 派来 蛊 兽 意外 死亡 人物一 郁郁寡欢 死 愿望 最终 没有 实现,0
 羽裳 人物二 私奔 羽裳 希望 小宝宝 便 人物二 回家 求 人物一 原谅,0
 之后 人物二 拜托 四人 路过 青木 居时 捎信 人物一 手中 小木鸟 带给 告诉 一直 惦记 会带 妻子 孩子 回家,0
 父亲 人物二 年 幼时 因病 亡故 母亲 擅长 蛊术 蛊娘 搬 青木 居后 尊称 人物一,0
 事实上 十几年 前 羽裳 人物二 人物一 反对 出走 途中 有涯 人物一 放 追踪 气味 蛊 蛛 毒死,0
 人物一 祝母 羽裳 鸟 妖 人物一 强烈 反对 羽裳 人物二 来往,0
 十几年 前 羽裳 人物二 人物一 反对 出走 途中 有涯 人物一 放 追踪 气味 蛊 蛛 毒死,0
 人物一 人物 介绍 儿子 人物二,0
 人物二 羽裳 告诉 四人 二人 人物一 之间 矛盾 羽裳 解释 宝宝 生 下来 会 回去 人物一 道歉 祈求 原谅,0
 人物二 羽裳 告诉 四人 二人 人物一 之间 矛盾 独子 父亲 死 早 母亲 非常 担心 便 派 蛊 兽 找,0
 鸟 妖 羽裳 相恋 事 母亲 人物一 接受 人物二 羽裳 私奔 人物一 放出 蛊 兽 追踪 意外 死亡,0
 人物一 控制 欲强 人物二 羽裳 私奔 时 放出 蛊兽 探查 儿子 气息 抓 回家 意外 导致 儿子 死亡,0
 姜云凡 按着 梦境 中 接受 委托 一只 寄予 人物二 思念 木鸟 交还 人物一 魂魄 手里 死去 多年 得到 安息,0
 十多年 前 羽裳 人物二 相爱 结为 连理 怀有 身孕 非人 身份 鸟 妖 人物二 母亲 人物一 排斥,0
 人物一 毕竟 身份 微贱 难得 天子 宠爱 人物二 景帝 前元 二年 公园 前 年 封 长沙 低湿 贫困 之地,0
 人物 生平 人物二 汉景帝 刘启 第六 子 母为 人物一,0
 人物二 母微 无宠 封到 长沙 卑湿 贫国 程姬 人物一 随同 人物二 一起 长沙 母子 三人 相依为命,0
 人物二 亲生 母亲 人物一 原本 景帝 妃子 程姬 侍女 地位 非常 卑贱,0
 传说 人物二 挂念 两个 母亲 程姬 人物一 派 运米 长安 长安 运土 回 长沙 选择 城东 高地 筑台 时刻 登台 遥望,0
 长沙 定王 人物二 母亲 人物一 原来 程姬 侍女,0
 人物一 所生 儿子 人物二,0
 人物二 人物 生平 人物二 汉景帝 刘启 第六 子 母为 人物一,0
 人物一 出身 卑微 虽生 儿子 人物二 受宠 连带 其子 备受 冷落,0
 汉景帝 刘启 人物一 生 长沙 定王 人物二,0
 人物二 之母 人物一 原是 程姬 侍女 出身 微贱 汉景帝 乃于 公元前 年 封 人物二 当时 视为 南蛮 之地 长沙 王,0
 人物一 唐儿 生 长沙 定王 人物二,0
 景帝 酒醉 程姬 照样 临幸 人物一 怀孕 后生 长沙 王 人物二,0
 母亲 人物一 人物二 儿子 刘庸 长沙 戴王,0
 东汉 班固 撰 汉书 ・ 景 十三 王传 ・ 长沙 定王 人物二 说 长沙 定王 人物二 母 人物一 故程 姬 侍者,0
 长沙 定王 人物二 母亲 人物一 前程 姬 侍者,0
 人物一 误会 意义 后人 感叹 说 没有 纯属偶然 人物一 误会 不会 人物二 更 不会 刘秀 不会 东汉,0
 人物一 生 长沙 定王 人物二,0
 相传 定王 人物二 修筑 高台 说 遥望 程唐 二位 母亲 说 眺望 生母 人物一,0
 人物二 角色 关系 父母 人物二 姜世离 人物一 欧阳倩 儿子,0
 折剑 山庄 四 弟子 人物一 青梅竹马 之后 离开 折剑 山庄 成为 人物一 姜世离 妻子 诞下 人物二 人物二 年 幼时 病 去世,0
 折剑 山庄 四 弟子 人物一 青梅竹马 之后 离开 折剑 山庄 成为 魔君 姜世离 人物一 妻子 诞下 人物二 人物二 年 幼时 病 去世,0
 角色 关系 父母 人物二 姜世离 人物一 欧阳倩 儿子,0
 人物二 年 月 央视 名嘴 白岩松 经济 之声 编辑部 主任 人物一 儿子,0
 人物二 年 央视 名嘴 白岩松 经济 之声 编辑部 主任 人物一 儿子,0
 年 白岩松 人物一 结婚 年 儿子 人物二 出生,0
 金兵 逃跑 人物二 母亲 人物一 人物二 金兵 那拿回 郭 萧天 留下 刀,0
 一场 戏是 牛家村 夜场 周星驰 饰演 一名 士兵 军官 命令 前去 抓 人物二 母亲 人物一 一句 台词 回答 一声,0
 成吉思汗 人物一 性命 威胁 人物二 征宋 人物一 以死 教子 临死前 嘱咐 人物二 人生 百年 转眼 即过 生死 大不了,0
 郭啸天 之妻 人物一 凶恶 段天德 擒 历尽艰辛 终于 逃出 魔掌 荒漠 草原 独自 生 人物二 险遭 夭折,0
 人物二 母亲 人物一 生活 十八年 造就 郭大侠 刻意 求善 希冀 和平 胸襟 博大 勤奋 顽强 精神,0
 促使 人物二 真正 走向 反对 成吉思汗 道路 目睹 屠城之 惨 之外 母亲 人物一 死,0
 人物二 母亲 人物一 蒙古 来京 黄蓉 人物二 一地 鸡毛,0
 丘处机 铭记 靖康 之耻 郭妻 人物一 杨妻 包惜弱 腹中 之子 名为 人物二 杨康,0
 多年 以后 成吉思汗 人物一 性命 威胁 人物二 征宋 人物一 以死 教子 嘱咐 人物二 一生 问心无愧,0
 郭啸天 年轻 时 杨铁心 居于 山东 后来 金国 入侵 一同 迁至 临安 府 牛家村 杨铁心 结为 兄弟 后于 牛家村 妻子 人物一 诞下 人物二,0
 人物一 流落 蒙古 生 人物二,0
 人物一 更 人物二 母亲 疼爱 人物二 一个 母亲 疼爱 孩子,0
 苏杏璇 年 射雕 英雄传 铁血丹心 中 饰演 人物二 母亲 人物一 内地 观众 留下 深刻印象,0
 人物一 终于 逃出 沙丘 雪地 上生 人物二,0
 苏杏璇 获奖 记录 神雕 英雄传 中 饰演 人物二 母亲 人物一 张,0
 后来 因向 成吉思汗 告密 间接 导致 人物二之 母 人物一 之死 愧疚 之下 放弃 人物二 恋情 婚约 西域 投奔 兄长,0
 啸天 之妻 人物一 带 儿子 人物二 流落 蒙古 江南 六怪 收为 徒弟,0
 获奖 记录 神雕 英雄传 中 饰演 人物二 母亲 人物一 张,0
 二代 人物二 人物一 之子 袭 宁国公,0
 宁国公 人物一 生四子 长子 人物二 三子 不详,0
 简介 中国 版 红楼梦 中 贾敬 古典小说 红楼梦 中 人物 宁国公 人物一 孙子 京营 节度使 世袭 一等 神威 将军 人物二 次子,0
 ¨ 人物二 宁国府 宁国公 人物一 之子,0
 贾敬 中国 古典小说 曹雪芹 写 红楼梦 中 人物 宁国公 人物一 孙子 京营 节度使 世袭 一等 神威 将军 人物二 次子 贾珍之 父,0
 人物一 演艺 经历 人物一 儿子 人物二 合作 表演 世纪 年代 退出 演艺事业 此后 少 参加 演出,0
 点 半左右 人物二 手 捧 陶大伟 骨灰 神情 肃穆 走进 会场 妈妈 人物一 戴着 面纱 走 后方,0
 年 人物一 相隔 十多年 再度 登台 老公 陶大伟 儿子 人物二 献花 祝贺,0
 人物一 诺 共同 出席 人物一 携 夫人 叶莉 女儿 人物二 共同 出席 活动,0
