sent,label
 人物二 人物一 信陵君 门客,1
 马车 行到 中途 人物一 忽然 提出 探访 一位 屠夫 朋友 人物二,1
 第二部 第十三 节 炙 啖 人物二 持觞 劝 人物一,1
 降轩 车问 抱关 指 信陵君 曾经 纡尊降贵 礼待 小吏 人物一 屠户 人物二 典故,1
 春秋战国 门 人物一 人物二 作者 周昙 唐朝 一部 诗词,1
 信陵君 人物一 安排 请 人物二,1
 人物一 朋友 人物二 信陵君 一锥 击杀 晋鄙 人物一 仍然 作 隐士,1
 颇知 人物二 尽礼 人物一,1
 人物一 信陵君 献计 并荐 力士 人物二,1
 第三个 四句 引入 信陵君 人物一 人物二 故事 进一步 歌颂 侠客 委婉 表达 抱负,1
 人物二 人物一 真 千秋万古 二 壮士 声名 煊赫 大梁 城,1
 唐 李白 侠客行 炙 啖 人物二 持觞 劝 人物一,1
 明 高启 大梁 行 已访 人物一 里 门 复迎 人物二 经屠市,1
 闲过 信陵 饮 脱剑膝 前横 炙 啖 人物二 持觞 劝 人物一,1
 二者 人物二 人物一 介绍 信陵君 告知 信陵君 人物二 杀死 晋鄙,1
 幸得 人物一 献计 无忌 魏王 宠妃 如姬 偷走 兵符 人物二 槌 杀 魏国大 晋鄙 强夺 兵权 终于 赵 楚 两国 联合 击退 秦军 保住 赵国,1
 两句 叙事 极略 紧接 二句 交代 人物一 身份 兼及 人物二 避 繁复 出人意外 地详,1
 最后 诗人 战国 时 窃 符救 赵夺 晋鄙 军 中 人物一 人物二 二 壮士 例 阐明 纵死 侠骨 香 不惭 世上 英 之旨,1
 人物一 提醒 说 屠夫 朋友 人物二 带上 以防万一,1
 想当年 人物一 人物二 信陵君 结交 脱剑 横膝 交相 欢饮,1
 人物一 魏无忌 说 拜访 屠夫 人物二 贤 能之士 了解 隐没 屠夫 中,1
 李太白 一首 侠客行 古风 写 战国时代 信陵君 门下 两位 任侠 人物一 人物二 故事,1
 人物一 信陵君 说 拜访 屠者 人物二 贤人 世人 知道 隐身 屠户 间,1
 回府 途中 人物一 下车 屠者 人物二 交谈 故意 信陵君 长时间 等待,1
 炙 啖 人物二 持觞 劝 人物一,1
 有人 认为 这首 侠客行 仅仅 写 人物二 人物一,1
 人物二 已击晋 人物一 尚 隐身,1
 第二部 第十三 节 炙 啖 人物二 持觞 劝 人物一,1
 人物二 人物一 信陵君 门客,1
 春秋战国 门 人物一 人物二 诗词 正文 屠肆 监门 一贱 微 信陵 交结 国人 非,1
 人物一 魏无忌 说 拜访 屠夫 人物二 贤 能之士 了解 隐没 屠夫 中,1
 歌颂 人物一 舍生取义 人物二 挥槌 救 赵 侠义精神 更 强调 功成身退 高风亮节 表现 皓首穷经 儒生 鄙视,1
 人物二 持刀 宰杀 牲口 屠夫 人物一 掌管 魏国 都城 大梁 东门 锁匙 守门人,1
 人物一 朋友 名叫 人物二 卖肉 屠户,1
 章 人物一 人物二,1
 炙 啖 人物二 持觞 劝 人物一,1
 明 刘基 结 袜子 诗 诣 门 谒 人物二 虚 左上 人物一,1
 亥 人物二 战国 魏人 勇力 人物一 相善 隐于 市 屠户,1
 炙 啖 人物二 持觞 劝 人物一 ⑺,1
 持觞 出处 唐 李白 侠客行 炙 啖 人物二 持觞 劝 人物一,1
 人物二 人物一 信陵君 门客,1
 人物一 见 信陵君 始终 面不改色 辞别 人物二 上车 信陵君 家,1
 屠市 人物二 奇 夷门 人物一 贱,1
 人物一 问 一句 不去 迷惑 人物二,1
 人物一 问 刚才 藏 起来 东西 人物二 说 剑 说 刚才 闻 上面 有股 妖气,1
 故事 描述 书生 人物一 兰若 寺 躲雨 道士 人物二 所拒,1
 人物二 醒来 起身 人物一 假装 睡着 暗中 观察,1
 之后 小倩 请求 太后 七夜 人物一 一起 最后 太后 同意 人物二 一家人 日出 山城 会合,1
 人物二 拦住 人物一 摇头叹息 天命 小倩下 地狱 阎罗 改变 不了 命运,1
 人物二 来到 长春 镇后 得知 东南方 凤凰 塔 塔中 见到 救过 黑衣 大侠 人物一 贰代 杨坤硕,1
  人物二 人物一 小倩 帮助 主角 走上 降妖 附魔 探寻 身世 道路,1
 人物一 酒醒 眼前 人物二,1
 人物一 欲 救小倩 脱离 姥姥 魔掌 便 求助于 侠义 道士 人物二,1
 尤其 开场 不久 小倩 人物一 人物二 所谓 爱情 是因为 区区 一块 糖果 无语,1
 倩女幽魂 电影 剧情 书生 人物一 张国荣 饰 兰若 寺 躲雨 道士 人物二 午马 饰 所拒,1
 人物二 只好 唐朝 贞观 年间 希望 阻止 老妖 成 妖 制止 人物一 扰乱 时序 赶回 阴间 拯救 聂小倩,1
 人物二 不同 天性 淡泊 人物一 没有 怨天尤人 怀揣 一颗 善心 看待 世事 不以 物喜 以己 悲 但求 平静 度过 一生,1
 主角 人物二 小倩 人物一,1
 中途 姥姥 来犯 人物一 生命垂危 人物二 赶到 收伏 老妖,1
 人物二 人物一 两人 协力 上塔 诛杀 无数 潮涌 而来 妖物 终于 塔顶 塔顶 一个 美丽 姑娘,1
 人物一 说 想 看看 柄 剑 人物二 原来 柄 亮闪闪 小剑,1
 剑客 人物二 义助 人物一 对付 姥姥 并欲成 鬼 恋人,1
 酒席 人物一 留意 观察 人物二,1
 演员 乐蒂 聂小倩 赵雷 人物一 唐若菁 姥姥 杨志卿 人物二,1
 恶鬼 姥姥 胁迫 女鬼 聂小倩取 人物一 性命 幸得 剑客 人物二 所救 掀起 人鬼大 斗法 最后 小倩 二人 帮助 脱离 魔爪 恶鬼 姥姥 杀死,1
 人物一 恳求 人物二 小倩 树妖 手中 救 人物二 慨然应允 无尽 战斗 层层 谜题 便 展开,1
 倩女幽魂 三部曲 剧情 故事 描述 书生 人物一 兰若 寺 躲雨 道士 人物二 所拒,1
 人物二 告诉 人物一 已经 惹 鬼 上身 逃过一劫 不能 熬过 晚 催促 赶紧 收拾 行李 走上 奔赴 京城 阳关大道,1
 该剧 聂小倩 人物一 宦娘 人物二 吕子凯 鬼 之间 错综复杂 爱情故事 讲述 阴阳 可成 美的 绝唱,1
 心地善良 人物一 鬼 聂小倩 侠肝义胆 人物二 均 留下 深刻 印象,1
 人物二 义助 人物一 对付 姥姥 玉成 鬼 恋人,1
 现场 官方 人员 透露 电影 倩女幽魂 经典 角色 人物一 人物二 将会 更 尺度 变革 突破,1
 人物二 屡次 劝阻 人物一 不要 陷入 人妖 之恋 奈何 小倩 情深意重 明知 妖 屡屡 犯险 毫无 退意,1
 人物二 跑 西湖 捉 白娘子 法海 跑 兰若 寺 拆散 人物一 聂小倩,1
 侠士 人物二 秉 师命 济南 找 知府 王华 报仇 王府 寻回 心中 爱人 宦娘 宦娘 人物一 同窗 吕子凯 情有独钟,1
 书生 人物一 借宿 兰若 寺 偶遇 道士 人物二 姥姥 手下 女鬼 聂小倩 邂逅 抒写 一场 凄美 缠绵 人鬼恋,1
 人物二 听 人物一 陈述 之间 真情 感动 认为 罪 至死 和慧 澄起 冲突,1
 偶遇 假 诸葛 卧龙 人物一 知秋 一叶 遇到 崇拜 人物二 可算 修道 之后 斗,1
 影片 主要 讲述 猎 妖师 千年 树妖 之间 恩怨 聂小倩 人物二 人物一 之间 感情纠葛,1
 临行 前 人物二 设宴 送行 破 皮囊 赠送给 人物一 告诉 人物一 这是 剑袋,1
 人物二 义助 人物一 对付 姥姥 促成 鬼 恋人,1
 人物一 提醒 小倩 人物二 住 隔壁 千万 小心,1
 倩女幽魂 内容简介 书生 人物一 收账 无处 可归 遂 夜宿 鬼寺 兰若 寺 遇上 侠士 人物二 二人 成为 邻居,1
 人物一 思念 小倩时 做梦 其死 变 做 鬼魂 产生 一段 荡气回肠 鬼 爱情 朋友 人物二 发生 种种 趣事,1
 妖怪 欲 杀害 人物一 幸在 聂小倩 人物二 帮助 躲过一劫,1
 人物二 人物一 口中 得知 潮海镇 外 妖魅 横行 是因为 小镇 西 里外 兰若 寺 中 盘据 横行霸道 千年 树妖 姥姥,1
 阴险 狡诈 吕子 凯为 扫除 仕途 障碍 王 知府 鬼姥共 谋害 人物一 人物二,1
 人物二 喜欢 人物一 大丈夫 气概 试试 人物一 胆量 能不能 熬 天明,1
 港台 当时 大红大紫 人气 电影 倩女幽魂 游戏 主角 相应 设定 人物二 同伴 成 小倩 人物一,1
 作词 吉吉 念白 出自 倩女幽魂 作曲 千草仙 演唱 白口口 唐寅 后期 盐助 配音 人物一 人物二,1
 故事 描述 书生 人物一 兰若 寺 躲雨 道士 人物二 拒绝,1
 何然 角色 剧情 何然 轩辕剑 剧情 注 人物二 然聂小倩 江如红 人物一 杨坤硕,1
 回到 长春 镇 只见 镇民 似乎 咒 无法 说话 百思不得其解 之下 人物二 人物一 旅店 用饭,1
 突然 少女 眼中 闪过 一阵 红光 两眼 失去 神采 疯狂 攻击 人物二 人物一,1
 故事 发生 一个 朝政 混乱 民生 困苦 朝代 人物一 助小倩 转世 人物二 分手 无辜 诬陷 入狱,1
 人物一 觉得 太 奇怪 便 起身 问 人物二 刚才 看到 情节 告诉 人物二,1
 该剧 讲述 狐 妖 聂小倩 书生 人物一 猎 妖师 人物二 三人 之间 千回百转 人妖 虐恋,1
 人物一 功夫 走 破屋 贼人 英雄 事迹 威名 远扬 重出江湖 人物二 组成 出名 捉 鬼 二人组,1
 内容简介 书生 人物一 张国荣 饰 收账 无处 可归 遂 夜宿 鬼寺 兰若 寺 遇上 侠士 人物二 午马 饰 二人 成为 邻居,1
 选 角色 宦娘 人物一 人物二 阿宝 宦娘 武器 笛 人物一 武器 伞 人物二 武器 剑 阿宝 武器 扇,1
 第二天 人物一 恐怕 人物二 外出 便 早早 房里 邀请 喝酒,1
 人物二 小倩 人物一,1
 人物一 傅 青风 几经 辛苦 兰若 寺 寻得 人物二 相助 正邪 之间 遂 展开 倩女幽魂 之道 道 道场 生死 大战,1
 燕宁 两人 跳出 圈外 左右 两边 攻 少女 姑娘 一时 反应 不及 人物二 架住 兵刃 人物一 说 声 得罪,1
 人物二 听 人物一 讲述 此事 缘由 认为 老和尚 慧澄 行为 荒谬 决定 帮助 人物一 小倩,1
 人物一 安顿 好后 人物二 便 手执 长剑 兰若 寺 走,1
 书生 人物一 收租 夜宿 金华 寺 结识 剑客 人物二,1
 人物一 顿时 想起 人物二 送给 破 皮袋 赶忙 袋子 下来 挂到 房间,1
 众人 国师 所困 人物一 傅 清风 逃出 生天 二人 一路上 生死与共 遂定 情 兰若 寺 找到 人物二 打败 蜈蚣 精,1
 人物二 找到 凤凰 塔 塔 底层 见到 人物一 人物一 致上 谢意 询问 人物一 凤凰 塔,1
 人物一 请 人物二 小倩 千年 树妖 控制 解救出来 不要 老和尚 慧澄 伤害,1
 解语 角色 温柔 气质 有如 人物二 身边 温柔 解语 安排 日常 起居 人物一,1
 人物二 瞧 瞧 人物一 道 跟你走,1
 早已 听 人物二 说 李红袖 宋甜儿 人物一 三个 女孩子 身世 悲惨 孤儿,1
 苏茫茫 爱 人物二 最后 离开 香帅 原因 不详 也许 甘心 作 人物一 替身,1
 爱生恨 设计 杀 人物二 午夜 兰花 先生 人物一,1
 云仙 告诉 人物二 杀死 人物一 哥哥 凶手 仇 震天 天府,1
 人物二 朋友 说 世上 一个 离开 活不了 一定 人物一,1
 三年 一班 班长 人物二 三年 一班 打架 天王 陆小凤 针锋相对 学园 校花 苏樱 温柔 第一 人物一 争夺 香帅,1
 人物二 没有 人物一 那艘 豪华 船上 停泊 港湾,1
 主角 人物二 人物一 更是 抢夺 电影 巨星 赵雅芝 焦点,1
 人物二 遂 联同 人物一 共同 查探 经历 生死 之中 人物二 蓉蓉 竟 不知不觉 渐生 情愫,1
 船上 人物一 突然 问起 潜入 罗刹 之门 计画 人物二 人物一 愤然离去,1
 其实 告诉 司空 远 信息 化 妆 人物二 人物一,1
 爱生恨 设计 杀 人物二 午夜 兰花 先生 人物一,1
 人物二 人物一 张,1
 人物二 人物一 张,1
 爱生恨 设计 杀 人物二 午夜 兰花 先生 人物一,1
 古龙 人物二 传奇 系列 中 人物 人物一 古龙 武侠小说 人物二 传奇 中 人物 香帅 人物二 红颜 知己,1
 蓉蓉 找到 人物二 甜儿 说明 情况 原来 人物一 琵琶 公主 走 怕 月亮 城 内乱 会 连累,1
 众人 登上 留香 居 看到 李红袖 宋甜儿 十分 焦急 原来 人物一 人物二 下船 紧跟着 青城 现在 没有 回来,1
 人物一 栽赃 嫁祸 人物二 原因 原来 那座 琥珀 观音,1
 人物二 人物一 决定 分头 行动 人物一 赴 神水宫 人物二 赴 云岭 镇去 追查 鸿福 镖局 血案,1
 人物二 新传 人物一 香帅 人物二 红颜 知己 心爱 女人,1
 古龙 笔下 风流潇洒 盗帅 继 桃花 传奇 人物二 遇到 麻烦 人物一 之间 经历 感情纠葛,1
 阴姬令 人物二 人物一 江南 调查 线索,1
 黑珍珠 人物一 李红袖 宋甜儿 始终 未曾 现身 人物二 必须 继续 追寻 下落,1
 人物二 华真真 人物一,1
 画面 切 留香 居 人物二 处 人物二 留香 居上 接到 飞鸽传书 人物二 人物一 说 改变 航线 前往 青城,1
 拜托 人物二 送 人物一 广州 宋之秋家,1
 电影 讲述 一次 决战 中 人物一 人物二 死 香帅 哀伤 内疚 消失 江湖 江湖 盛传 人物二 已经 死,1
 怎能 忘却 人物二 身边 三位 红颜 知己 人物一 李红袖 宋甜儿,1
 桃花 故事 人物二 人物一 张,1
 该片 讲述 扶桑 国 郡主 离奇失踪 人物二 污为 绑架 郡主 主使 朋友 人物一 胡铁花 姬冰雁 联手 挫败 敌人 阴谋 故事,1
 年 主演 人物二 中 人物一 一角 走红 评为 无线 电视台 四大 花旦,1
 人物二 欢喜 觉得 人物一 实在 不错,1
 人物二 赶到 机关 处 人物一 汇合,1
 人物一 自然 住 人物二 隔壁,1
 电视剧 中 司空星儿 神偷 司空摘星 女儿 人物二 红颜 知己 人物一 义姐,1
 李红袖 古龙 武侠小说 中 人物 人物一 宋甜儿 同为 盗帅 人物二 三个 红颜 知己,1
 人物二 瞪 著 手掌 终 於 缓缓 松开 身子 摇摇 欲 倒 终 於 扑 坐 下去 ─ ─ 人物一 竟死,1
 出 武昌 城 众人 行至 楚家 庄园 附近 人物一 提议 回楚家 庄园 一趟 人物二 胡铁花 缝制 新衣 二人 出门在外 有失 大礼,1
 人物一 香帅 人物二 红颜 知己 心爱 女人,1
 人物二 传奇 里 人物一 李红袖 宋甜儿 长伴 身边 故事 里 石绣云 华真真 张洁洁 女子 陪伴,1
 胡铁花 看见 人物一 发出 会心 一笑 知道 风流倜傥 人物二 能够 找到 幸福,1
 人物二 传奇 里 人物一 李红袖 宋甜儿 长伴 身边 似乎 人物一 情有独钟 姑母 称 人物一 心上人,1
 人物二 赶往 沙漠 马放 回 黑珍珠 人物二 遇到 麻烦 生命危险 遂 人物一 三人 一同 前往 中原 找 人物二,1
 一次 决战 中 人物一 人物二 死 香帅 哀伤 内疚 消失 江湖 江湖 盛传 人物二 已经 死,1
 最后 一战 中 人物一 去世 人物二 十分 怀念 蓉蓉,1
 新 人物二 人物一 黎姿 饰 水玲珑 张咏棋 饰 华视,1
 人物二 传奇 人物一 胡静 饰,1
 一年 人物二 十余岁 人物一 宋甜儿 李红袖 少女,1
 笑侠 人物二 人物一 剑神 一脉 弟子 陪同 师兄 人物二 一起 参加 少林 弟子 比武,1
 人物二 目光 凝注 著 人物一 指尖 不觉 发抖 有人 说 人物二 居然 发起 抖来 天下 不会 相信,1
 吕静红 演出 作品 年 苗侨伟 版 人物二 蝙蝠 传奇 饰演 人物一 合作 演员 苗侨伟 翁美玲,1
 剧情简介 一次 决战 中 人物一 人物二 死 香帅 哀伤 内疚 消失 江湖 江湖 盛传 人物二 已经 死,1
 人物二 面目 出现 人物一 骗过 沙 大户 眼 客栈 老板 宫素素 其用 三张 拼凑 而成 藏宝图 找到 藏宝 山洞,1
 两个 人本 不相干 一天 叶 老板 朋友 人物二 说 人物一 酒里 掺 水 喝 不爽,1
 建议 等级 队伍 人物二 沈浪 楚留香 人物一 至少 小李飞刀,1
 人物二 花满楼 人物一,1
 人物二 传奇 决战 内容 介绍 决战 人物一 叶孤城 生死 决战,1
 可能 完成 任务 人物二 只得 请 好友 花满楼 剑 神 人物一 出手 相助 沿途 之上 杀机 重重,1
 人物二 人物一 霍天青 花满楼 叶孤城,1
 人物二 灵犀 一指 霍天青 凤双飞 人物一 快如闪电 剑法 先进 电脑 特技 合成 中 观众 耳目一新,1
 花满楼 总能 准确 坐在 椅子 感觉 嗅觉 灵敏 人物二 倚重 感觉 人物一 身上 杀气,1
 何润东 笑 言 觉得 人物一 其实 像是 人物二 保镖 更 应该 打手,1
 人物一 输给 人物二 人物二 奇怪 人物一 剑法 退步 万梅 山庄 一看 知道 人物一 退步 原因 是因为 娶妻生子,1
 人物二 传奇 系列 剑神 一笑 内容简介 月 圆之夜 紫禁 颠 名 剑 陨落 叶孤城 惋败 人物一,1
 决战 前夕 群雄 纷纷 之下 注 豪赌 人物一 突然 失踪 叶孤城 身负重伤 人物二 不禁 朋友 忧心忡忡,1
 不甘 做 人物二 陪衬 不甘 做 人物一 陪衬 不甘 做 一个 顶尖人物 陪衬 仿佛 像是 一个 独立 主角,1
 叶孤城 协助 南 王世子 政变 企图 谋朝 篡位 人物二 识破 最终 死 于和 人物一 决战 中,1
 演员 张智霖 饰 人物二 何润东 饰 人物一 张达明 饰 司空摘星 张智尧 饰 花满楼,1
 人物二 传奇 耽美同 天涯 倾情 人物一 阿册,1
 人物二 人物一 独孤求败 李飞 刀 绝世 高手 一同 出现 游戏 里 令 感受 一种 不同寻常 兴奋 高手,1
 人物二 传奇 人物一 何润东 饰 李燕 北 鹰眼 老七,1
 人物二 人物一 电影 资料 人物二 人物一,1
 年 人物二 人物一,1
 东梅问雪 人物 介绍 东梅问雪 主要 人物 人物一 古龙 武侠小说 人物二 传奇 中 人物,1
 人物二 调查 黄石 镇 人物一 小舅子 柳 乘风 神秘 失踪 疑窦丛生,1
 原来 藏宝 处 人物二 竟然 人物一 所扮,1
 ★ 本书 登场 经典 人物 人物二 花满楼 人物一 大金鹏 王,1
 普天之下 或许 楚留香 人物一 李寻欢 叶孤城 人物二 顾惜朝 人才 配 做 朋友 对手,1
 古龙 文集 人物二 传奇 决战 登场 经典 人物 人物二 人物一 叶孤城 老实 和尚,1
 人物二 檀香 剑客 打斗 人物一 忽然 冲出 杀死 檀香 剑客 孙秀青 报仇,1
 万梅 山庄 见到 人物一 告诉 人物二 已经 京城 定居 下来,1
 人物一 吃 东西 休息 花满楼 人物二 离去,1
 梦境 中 萧峰 杨过 令狐冲 人物二 一起 喝酒 人物一 一边 耍帅,1
 可能 完成 任务 人物二 只得 请 好友 花满楼 剑 神 人物一 出手 相助 沿途 之上 杀机 重重,1
 人物一 人物二 面前 一贯 冷淡 人物二 有求于 陷于 危难 时 西门 义不容辞 帮助,1
 年 出演 人物二 决战 中 人物一,1
 人物一 反常 人物二 花满楼 所遇 一场 迷案,1
 人物二 之青妤 内容简介 神雕侠侣 女儿 杨青 妤 穿越 人物二 世界 人物一 结 相爱,1
 成为 人物一 日子 里 人物二 篇 打造 闷骚 爱 西门 剑神 封面 之二 一个 平凡 女主 走上 影帝 影后 道路 故事,1
 其实 想 杀 人物二 人物一,1
 剑神 人物一 请 人物二 出手 相助 人物二 奇怪 天下 难道 人物一 办 不了 事,1
 导演 凌云 演员 卫子云 饰 人物二 凌云 饰 人物一 李建平 饰 花满楼,1
 一剑 西 人物一 飞刀 见 飞刀 李寻欢 玩世不恭 人物二,1
 人物二 传奇 第一部 第三部 时 可能 谦逊 之词 第四部 人物一 剑术 突飞猛进 这句 话 可能 会 成为事实,1
 幽冥 魔剑 剧情简介 人物二 人物一 误解 遭 追杀 被迫 遁入 幽灵 山庄,1
 不久 人物二 造访 鱼龙混杂 大漠 边陲 小镇 人物一 找 巴山 剑 派 师兄 柳 乘风 竟然 已经 一剑 封喉,1
 剧情 介绍 人物一 ﹝ 黄元申 ﹞ 目睹 夫人 孙秀青 ﹝ 黄杏秀 ﹞ 人物二 ﹝ 刘松仁 ﹞ 一床 以后 便 下决心 杀掉 凤,1
 剧中 人物一 戏份 人物二 决战 依然 一个 举足轻重 人物,1
 值得一提的是 本篇 绝代 剑 痴 雪衣人 造型 性格 实为 人物二 系列 剑神 人物一 滥觞,1
 第一二 三章 激斗 位面 大侠 养成 系统 卷 四 人物二 传奇 人物二 人物一 叶孤城 花满楼,1
 封面 笑点 烟波 成为 人物一 日子 里 人物二 篇 打造 闷骚 爱 西门 剑神,1
 朋友 李寻 欢 阿飞 沈浪 熊猫儿 人物二 人物一 俞佩玉 傅红雪 小鱼儿 楚留香,1
 人物二 花满楼 来到 珠光宝气 阁 见 人物一 独孤 一鹤 杀死 惊愕 万分 人物一 奇怪 杀死 武功 比己 高 前辈,1
 花满楼 人物二 人物一 司空摘星,1
 个人 西皮 问题 估计 人物二 玛丽 苏女主 人物一 捂脸,1
 李铭顺 人物 评价 李铭顺 电视剧 人物二 中 饰演 人物一 外表 冷漠 孤傲 内心 真挚 细腻 敢爱敢恨,1
 为保 武当 圣地 人物二 制定 鹰巢 计划 请 人物一 相助 骗得 幽灵 山庄 信任,1
 剧情 介绍 人物一 ﹝ 黄元申 ﹞ 目睹 夫人 孙秀青 ﹝ 黄杏秀 ﹞ 人物二 ﹝ 刘松仁 ﹞ 一床 以后 便 下决心 杀掉 凤,1
 凤舞 九天 中 人物二 人物一 辞行 时 这位 剑神 激动 热泪盈眶,1
 但终 人物二 识破 粉碎 阴谋 叶孤城 千军万马 包围 自知 必 死 人物一 约定 完成 比剑,1
 据说 人物二 儿子 花满楼 女儿 叶孤城 徒弟 杀死 剑 神 人物一,1
 同年 人物二 中 饰演 人物一 获得 纽约 国际 电视节 银牌奖,1
 人物一 承诺 刺杀 人物二 老实 和尚 人物二 挨 一剑,1
 其实 人物一 知己 人物二 妻子 孙秀青 一直 抱 著 一种 道 无情 情 态度,1
 人物一 人物 分析 整部 人物二 系列 每次 看到 白衣 如雪 背着 形式 奇古 乌鞘 长剑 描写 会 激动,1
 年 出演 人物二 决战 中 饰演 人物一,1
 导演 剧照 黄元申 人物二 人物一 演员表 编剧 黄百鸣 黎 伟民,1
 人物二 人物一 护驾 皇上 安然无恙,1
 姓名 来源 人物一 古龙 所著 小说 人物二 传奇 中 剑 神 人物一,1
 人物一 决战 紫禁 巅 花满楼 人物二 观战 四大 侠客 形象 彻底 颠覆 重建 这种 反差 构成 电,1
 人物一 后来 人物二 对话 中 承认 叶孤城 全力 发招 必死无疑,1
 后世 论及 人物一 挑战 人物二 灵犀 一指 之事 没说出 胜负 不解之谜,1
 两名 少年 中 一个 机灵 跳脱 懂得 花草 极合 人物二 花满楼 眼缘 一个 白衣 长剑 清若 霜雪 深得 人物一 叶孤城 之心,1
 有趣 人物二 系列 中 古龙 偏偏 塑造出 一个 绝顶 人物 人物一,1
 人物二 传奇 之剑神 一笑 剧情简介 月 圆之夜 紫禁 颠 名 剑 陨落 叶孤城 惜败 人物一,1
 闫达 闫 大爷 人物一 人物二 传奇 再战 紫禁 巅,1
 人物二 传奇 决战 剧情简介 中秋 之夜 人物一 叶孤城 约定 决战 紫禁 颠 人物一 人物二 传奇 决战 张,1
 人物二 之凤舞 九天 剧情简介 人物二 人物一 误解 遭 追杀 被迫 遁入 幽灵 山庄,1
 年 自导 自演 错 草鞋 走 错路 新贴 错 门神 人物二 人物一 影片,1
 人物二 传奇 中 三个 理想 人物 人物二 花满楼 人物一 代表 著 古龙 三种 不同 理想 象征,1
 人物二 思来想去 事情 没 简单 酒楼 喝 七日 酒 人物一 知晓 赶来 相助,1
 年 电影 人物二 人物一 古龙 作品 改编 剧中 角色 选用 版 人物二 阵容,1
 人物一 被玉 罗刹 困住 人物二 花满楼 老实 和尚 楼兰 救,1
 古龙 写 人物一 很见 功力 古龙 传奇 云 古龙 倾注 人物 身上 心血 一号 人物 人物二,1
 该片 摄影 技术 人物一 叶孤城 决战 紫禁 颠成 人物二 系列 中 翘楚,1
 注 年 张智霖 版 电影 人物二 传奇 之金鹏 王朝 中其 死 人物一 手上 古龙 原著 小说 人物二 传奇 中是 霍休 所杀,1
 人物一 心爱 妻子 敞开 心怀 人物二 建立 交心 友情,1
 万梅 山庄 人物一 所摄 未能 一路 如猫 戏 老鼠 般 追逐 人物二,1
 月 符涛 加盟 人物二 花满楼 剧组 饰演 人物一 贴身 剑童,1
 该片 讲述 人物二 人物一 宫九 之间 故事,1
 人物一 撞破 妻子 人物二 有染 一路 追杀 人物二,1
 人物二 之花 未满 楼 内容简介 决战 紫禁 巅 以后 人物一 回 万梅 山庄 潜心 练剑 人物二 继续 江湖 行走,1
 孤傲 剑 神 轻易 交心 人物二 童心 正 人物一 痴 产生共鸣 人物二 这种 坦然 赤诚 赢得 剑神 友谊,1
 更 填补 人物二 人物一 之间 空隙 成为 二人 之间 一条 平衡 中间线,1
 人物二 人物一,1
 人物二 人物一 雪地 中 打斗 人物二 小心 掉入 冰窟窿 中,1
 人物二 武当 之战 剧情简介 人物一 ﹝ 黄元申 ﹞ 目睹 夫人 孙秀青 ﹝ 黄杏秀 ﹞ 人物二 ﹝ 刘松仁 ﹞ 一床 以后 便 下决心 杀掉 凤,1
 偷学 一下 叶孤城 天外飞仙 皮毛 足以 御敌 人物二 传奇 幽灵 山庄 人物一 一种 已能 接近 神 境界,1
 人物二 传奇 决战 讲述 人物二 花满楼 司空摘星 好友 前往 京城 调查 剑客 人物一 叶孤城 紫禁城 决斗 故事,1
 为保 武当 圣地 人物二 制定 鹰巢 计划 请 人物一 相助 骗得 幽灵 山庄 信任,1
 人物二 代表 世俗 生活 最高 理想 花满楼 代表 人格 道德 完美 境界 人物一 代表 艺术 高 顶峰,1
 人物一 阻止 人物二 找 罗刹 牌,1
 人物二 武当 之战 讲述 人物一 决心 杀掉 人物二,1
 人物二 回答 一件 事 当今 江湖 人物一 拼之力,1
 放进 不同 环境 中 造就 人物一 造就 人物二,1
 名字 吐槽 人物一 古龙 人物二 传奇,1
 原来 人物一 遭到 李霞 儿子 威胁 阻住 人物二 威胁 保护,1
 菠萝 吹雪 姓名 人物一 古龙 所著 小说 人物二 传奇 中 剑 神 人物一 名字 改编,1
 恰在此时 有人 说 受 人物二 之托 闭关 不出 人物一 送来 星邪 剑 谱,1
 经由 一句 正 人物一 叶孤城 人物二 哑然 无言,1
 年 林志颖 陶红 吴兴国 王沺裁 联袂 主演 电视剧 人物二 决战 剧中 饰演 人物一,1
 剑 雪 内容简介 人物一 花满楼 人物二 叶孤城 人物二 可爱 顽皮 好吃懒做 好酒 好色 厚脸皮,1
 人物二 人物一 紫禁 巅 决一死战 没有 决一死战 两人 死 真的 死,1
 小说 关键字 人物一 无限 流 金庸 古龙 人物二 叶孤城 重生 穿越 作品 相关 叶孤城,1
 重视 朋友 人物二 居然 人物一 妻子 捉奸在床,1
 人物二 忽然 发现 人物一 凝视 孙秀青 目光 中 居然 闪现 出 温柔 光辉 冷漠 面容 似乎 情感,1
 人物二 传奇 幽灵 山庄 剧情简介 人物二 染指 人物一 妻子 遭 人物一 追杀,1
 人物二 人物一 老实 和尚 人物二 主角 剑神 一笑 中 再现,1
 导演 刘伟强 编剧 王晶 武术指导 程小东 演员 刘德华 饰 叶孤城 郑伊健 饰 人物一 张家辉 饰 龙龙 九 人物二,1
 花满楼 听 完 人物一 这段话 人物二 说 现在 明白 会练成 那种 剑法,1
 剧情简介 人物二 人物一 误解 遭 追杀 被迫 遁入 幽灵 山庄,1
 决战 前夕 群雄 纷纷 之下 注 豪赌 人物一 忽然 失踪 叶孤城 身负重伤 人物二 不禁 朋友 忧心忡忡,1
 人物二 传奇 人物一,1
 人物一 ﹝ 黄元申 ﹞ 目睹 夫人 孙秀青 ﹝ 黄杏秀 ﹞ 人物二 ﹝ 刘松仁 ﹞ 一床 以后 便 下决心 杀掉 凤,1
 人物二 喝过 酒 人物一 比过 剑,1
 何润东 人物一 古装 绝唱 高大 帅气 何润东 人物二 中 饰演 剑客 第一 高手 人物一,1
 人物二 花满楼 来到 珠光宝气 阁 见 人物一 独孤 一鹤 杀死 惊愕 万分,1
 人物二 传奇 中有 一段话 人物一 毕竟 个人 男人 忍心 一个 喜欢 美丽 少女 下得 毒手,1
 年 深圳 卫视 黄金档 全国 首播 人物二 花满楼 中 饰演 人物一,1
 毒针 阴谋 幕后 黑手 两人 好友 人物二 人物一 司空摘星 危险 重重的 查案,1
 人物二 制定 鹰巢 计划 请 人物一 相助 骗得 幽灵 山庄 信任,1
 人物二 离开 花家 万梅 山庄 希望 人物一 出手 相助,1
 此刻 人物二 希望 从来 没有 找过 人物一 从来不 遇到 过大金鹏 王,1
 花满楼 听 完 人物一 这段话 人物二 说 现在 明白 会练成 那种 剑法,1
 藏宝 处 人物二 竟然 人物一 所扮 两个 神秘 老太 老头 竟然 人物二 司空摘星,1
 小说 关键字 人物一 无限 流 金庸 古龙 人物二 叶孤城 重生 穿越 崛起 武侠 世界 作品 相关 叶孤城,1
 人物二 嘟囔 宫九 抠门 笑呵呵 准备 供品 香炉 人物一 给面子 没有 放 冷气,1
 人物二 第一次 交手 时 觉得 剑法 奇 跪 变幻 人物一 更 可怕,1
 年 出演 李仁港 导演 人物二 决战 中 人物一,1
 人物二 染指 人物一 妻子 遭 人物一 追杀,1
 这是 没有 办法 形容 没有 办法 解释 好像 人物二 指头 人物一 剑 没有 人能 形容 成就 已经 到达 一种 阶段,1
 柳 乘风 人物一 小舅子 失 人物二 传奇 之剑神 一笑 图册 张,1
 南平 郡王 欲取 皇上 性命 时 六色 童子 中 青 蓝两色 童子 人物二 朋友 人物一 司空摘星,1
 人物二 之凤舞 九天 中 塑造 剑 神 人物一 角色 一直 称为 武侠 经典 角色,1
 幽灵 山庄 幽灵 山庄 人物二 染指 人物一 妻子 遭 人物一 追杀,1
 轻功 很强 人物一 人物二 相比,1
 年 谭俊彦 参演 林峰 张晓龙 张檬 斓 曦 领衔主演 人物二 花满楼 饰演 人物一,1
 主角 陆少舟 人物一 配角 人物二 传奇 众人 桃 宝卷 八 妖气,1
 人物一 人物二 垂死 南平 郡王 说出 盗取 星邪 剑 谱 真实 意图,1
 人物一 人物二 花满楼,1
 每位 玩家 掌控 人物二 花满楼 人物一 独一无二 不同 强化 属性,1
 青 蓝两色 童子 人物二 朋友 人物一 司空摘星,1
 人物二 传奇 第一部 第三部 时 可能 谦逊 之词 第四部 人物一 剑术 突飞猛进 这句 话 可能 成为事实,1
 人物一 诚 于人 故能 赢得 人物二 千金 难易 朋友 孙秀青 一往情深 爱人 诚 故能 做到 无求 欲 问心无愧,1
 决战 前夕 人物一 突然 失踪 叶孤城 身负重伤 人物二 不禁 忧心忡忡,1
 游戏 人物二 进行 剧情 发展 花满楼 人物一 加入 队伍,1
 人物二 声称 夹 不住 人物一 剑,1
 石秀 云自见 花满楼 印象 难忘 整日 口 不停 唤花 名字 孙秀青 记挂着 人物一 马秀真 人物二 产生 好感,1
 叶孤城 人物一 比武 人物二 会 白云 剑谱 学会 天外飞仙,1
 人物一 请 人物二 喝酒 人物二 猜出 剑 神 酒 中 文章,1
 人物二 染指 人物一 妻子 遭 人物一 追杀,1
 人物二 人物一 之手 一举 除去 阎铁 珊 严立 独孤 一鹤 平独鹤 二人 更 毒死 霍天青 杀 上官飞燕 灭口,1
 年 香港 人物二 决战 集数 演员 刘松仁 饰 人物二 黄允财 饰 花满楼 黄元申 饰 人物一,1
 人物一 讲究 杀人 沐浴 斋戒 司空摘星 随意 人物二 翻跟头 挖 蚯蚓,1
 人物二 之凤舞 九天 饰 人物一 武林 圣火 令 饰 韦天 仇,1
 人物二 上官飞燕 立即 带 见 花满楼 飞燕 小凤杀 人物一 人物二 愕然 不知 如何是好,1
 出鞘 必见 血 人物一 例 虚发 李飞 刀 相遇 无花 老实 和尚 人物二 楚留香 之间 会 碰撞 出 情感,1
 分手 时 人物一 留给 人物二 一封信 美国 找 纽约市 第五 街 号 开办 通运公司 领取 资助 革命 活动 经费 万元,1
 人物一 双手 握 人物二 手 哽咽 说不出 话,1
 人物一 扶持 蒋介石 步步 紧随 人物二 以后 蒋介石 担任 黄埔军校 校长 一职 提供 可能,1
 人物一 准备 人物二 北伐 讨 袁 想 组织 一支 青年 军 骝 公则 张 奔波 收拢 青年 学生 年轻 军官 计 余人,1
 二次革命 失败 人物一 前往 东京 巴黎 支持 人物二 改建 国民党,1
 上篇 年前 人物一 作者 大量 史料 披露 传主 人物二 生死 之情 蒋介石 恩恩怨怨,1
 之后 蒋 撰写 孙 大总统 广州 蒙难记 一书 该书 人物二 题名 人物一 作序 资助 出版 大大提高 蒋介石 国民党 声望,1
 人物二 得力助手 胡汉民 回忆 说 人物一 要求 国父 谈话 国父 戒心 回避,1
 派 人物一 找 人物二 说情 人物二 月 日 任命 蒋介石 校长,1
 上海大学 人物二 先生 支持 亲任 校董 会 董事长 最高 学府 校董 章太炎 张溥泉 人物一,1
 直言 指责 蒋介石 违背 人物二 遗志 浙江 政治 积弊 遭省 主席 人物一 忌恨,1
 人物一 始终 人物二 先生 实业 救国 遗训 极大 热情 精力 投入 国家 建设 事业 中,1
 一诺千金 捐助 革命 人物二 人物一,1
 等车 停稳 看到 车上 下来 人物二 宋庆龄 蒋介石 人物一 十位 大人物 顿时 惊讶 合不拢嘴,1
 清朝 诸生 日本 留学 其间 兄家蕃 结识 人物二 人物一 加入 同盟会,1
 当时 省 主席 人物一 字 人杰 出身 浙江省 湖州市 丝绸 大户 法国 开 公司 人物二 先生 革命 一直 予以 经济 援助,1
 人物一 人物二 约定 今后 需款 暗号 代表 万之数,1
 有趣 人物二 写给 人物一 信 大多 询问 人物一 身体状况 蒋介石 人物一 信 张 借钱 居多,1
 人物二 抖出 人物一 阴谋 人物二 伤心 不已 认为 欺骗 早已 相信,0
 人物一 门下 林平之 人物二 爱慕 林平之 掌握 辟邪 剑谱 自宫,0
 金庸 笑傲江湖 中 华山派 掌门 人物一 之妻 宁中则 善合 两仪 剑法 传给 令狐冲 人物二,0
 华山派 弟子 令狐冲 掌门人 人物一 之女 人物二 瀑布 中 玩耍 时所创 两人 名字 中 各取 一字 命名,0
 人物二 华山派 掌门 人物一 宁中则 之女 林平之 之妻 最后 林平之 杀死,0
 令狐冲 人物二 关系 却成 人物一 实现 第二步 战略 障碍,0
 从华山 下来 令狐冲 世界 里 不再 人物一 人物二,0
 林平之 福建省 福州市 人士 福威 镖局 第三代 传人 及少 总镖头 辟邪 剑法 合法 传人 人物一 之女 人物二 丈夫,0
 人物二 萨宛儿 华山派 人物一 宁中则 独女 嫁予 林平之 为妻 林平之 所杀,0
 人物一 浙江 龙泉 得来 人物二 十八岁 生日 时 赠予 人物二 令狐冲 比剑试 招时 令狐冲 一指 弹入 山谷,0
 他成 人物二 哥哥 令狐冲 师兄 成 人物一 儿子,0
 令狐冲 霍建华 饰 华山派 掌门 人物一 抚养 授武 华山派 弟子 钟情 青梅竹马 师妹 人物二,0
 华山 掌门 人物一 抚养 授武 华山 弟子 钟情 青梅竹马 师妹 人物二,0
 瞒过 人物一 耳目 佯装不知 真相 人物二 结下 有名无实 婚姻,0
 宁中则 华山 玉女 华山派 人物一 师妹 兼 妻子 人物二 之母 匕首 自刺 胸口 死,0
 人物一 掌上明珠 女儿 人物二 私生活 十分 奢侈,0
 一位 知情 人士 爆料 称 人物二 报名 人物一 上海 朋友 介绍,0
 年 月 人物一 十四岁 女儿 妞妞 自拍照 曝光 妞妞 已经 十四岁 人物二 即将 进入 高中 就读,0
 一对 小宝贝 出生 牛 年 正月初一 人物一 取小 名叫 牛牛 妞妞 大名 赵一楠 人物二,0
 目前 人物一 女儿 人物二 妞妞 大胆 晒出 一组 海军 制服 露脐 写真,0
 人物二 小名 妞妞 出 生于 年 月 日 农历 牛 年 大年初一 人物一 第二任 妻子 马丽娟 生 双胞胎 龙凤胎 中 女儿,0
 据悉 人物一 女儿 人物二 有意 借该 节目 正式 进军 娱乐圈,0
 人物一 自夸 女儿 文艺 天赋 人物二 辽视春 晚上 表演 唱歌 黄圣 依等 合作,0
 透露 人物一 女儿 人物二 有望 加盟 借此 正式 进军 娱乐圈 潘长江 女儿 潘阳 同台 对决,0
 人物一 小女儿 人物二 小名 妞妞 出 生于 年 美女 人物一 第二任 妻子 马丽娟 生 龙凤胎 中 女儿,0
 人物二 演艺 经历 网友 爆料 称 人物一 女儿 人物二 已经 报名 正式 进军 相关 图片 娱乐圈,0
 年 月 日 人物一 时隔 年 更 博为 女儿 拉票 妞妞 人物二 映客 直播 号 个人资料,0
 人物二 个人 生活 年 月 人物一 十四岁 女儿 妞妞 自拍照 曝光 妞妞 已经 十四岁 人物二 即将 进入 高中 就读,0
 人物一 女儿 人物二 曝光 度要 高 主要 女儿 能歌善舞 消息 说 参加 日本 少女 团体 正式 加入 娱乐圈,0
 出新 消息 人物一 女儿 人物二 报名 日本 女子 天团 中国 姐妹 团 招募 活动,0
 人物二 趣闻轶事 人物一 身边 人员 多位 徒弟 保安 众口一辞 人物一 教育 儿女 非常 严厉,0
 人物二 金庸 武侠小说 雪山飞狐 女主角 金面佛 人物一 南兰 之女 金庸 小说 里 少见 大家闺秀,0
 年 制片方 香港 无线 主演 吕良伟 饰 胡斐 胡一刀 谢贤 饰 人物一 周秀兰 饰 袁紫衣 曾华倩 饰 人物二,0
 宝树 谈起 宝刀 来历 由宝树 金面佛 大侠 人物一 之女 人物二 平阿四 陶百岁 之口 讲述 与此相关 一段 武林 往事,0
 人物一 人物二 救起 得苗人 风为 打通 血脉,0
 人物一 带 幼女 人物二 一路 追至 商家堡 田归农 福康安 救,0
 人物一 看到 胡斐 卧 人物二 误会 胡斐行 不轨 大怒 之下 找 胡斐 算账,0
 地图 难度 根 道长 洪安通 人物二 人物一 一个 一个 难缠,0
 年 制片方 香港 佳视 主演 卫子云 饰 胡斐 胡一刀 白彪 饰 人物一 米雪 饰 袁紫衣 李通明 饰 人物二,0
 人物二 大事纪 表 乾隆 年 飞狐 回 南兰 跟随 田归农 人物一,0
 集 杜希孟 为迫 人物一 就范 人物二 点 穴道 衣服 抢 安放 房中 床上 令 羞惧 万分,0
 人物一 误会 胡斐 之后 火气 特别 是因为 一段 不堪回首 伤心事 人物二 事 特别 敏感,0
 人物一 家 人物二 闺房 水盆 有金 种子,0
 长大 胡斐 寻 人物一 为父 报仇 途中 邂逅 程灵素 袁紫衣 人物一 之女 人物二 展开 一段 缠绕 不清 恋情,0
 电视 香港 无线 黄日华 饰 胡一刀 陈锦鸿 饰 胡斐 佘诗曼 饰 人物二 张兆辉 饰 田归农 尹扬明 饰 人物一,0
 电视 香港 佳视 卫子云 饰 胡一刀 胡斐 白彪 饰 人物一 米雪 饰 袁紫衣 李通明 饰 人物二,0
 人物一 击败 杜希孟 赶到 约 胡斐 决斗 胡将 杜希孟 归还 遗物 交给 人物二 人物一,0
 认识 人物一 女儿 人物二 无奈 锺 情 於,0
 心理学 细致 分析 不要 说 胡斐 人物二 卧 尴尬 场面 两人 正常 爱恋 人物一 立时 接受,0
 电视 香港 无线 吕良伟 饰 胡一刀 胡斐 谢贤 饰 人物一 周秀兰 饰 袁紫衣 曾华倩 饰 人物二,0
 人物一 妻子 两人育 一女 人物二,0
 人物一 彩云 国 物语 中 人物 红家 长子 人物二 父亲 黎深 玖 琅 兄长 红仙 蔷薇 姬 夫君,0
 蔷薇 姬 人物 介绍 人物二 母亲 人物一 妻子,0
 人物二 身世 秘密 彩 八仙 红仙 秀丽 之母 彩云 国缥家 白子 之躯 人物一 结合 生下 秀丽,0
 雪 纱衣 同名 小说 由罗绘里 漫画 中 角色 人物二 母亲 人物一 妻子 蔷薇 仙子 化身,0
 人物一 人物二 蔷薇 姬,0
 年初 人物一 之女 人物二 奉霄 太师 之命 入宫 侍奉 君王,0
 齐昊 人物一 之女 人物二 青梅竹马 两小无猜,0
 人物二 齐昊 人物一 之女 张小鼎 玩伴,0
 人物二 齐昊 人物一 之女,0
 师 侄女 人物二 齐昊 人物一 之女,0
 师侄 人物二 齐昊 人物一 之女 张小鼎 张小凡 陆雪琪 之子,0
 唐中宗 即位 人物一 之女 人物二 为昭容 上官仪 父子 有所 追赠 绣像 凌烟阁 追封 楚国 公,0
 人物一 年 公元 年 月 日 字公壁 又名 纯 上官仪 长子 人物二 父,0
 人物一 前朝 宫廷 文学 侍从 人物二 父,0
 人物二 人物一 之女 长孙均量 之徒 成为 武则天 记室,0
 人物一 女儿 人物二 唐中宗 时为 昭容 常常 侍奉 皇帝 草拟 制 诰 追赠 上官仪 中书令 秦州 都督 楚国 公,0
 中宗 即位 人物一 女 人物二 为昭容 上官仪 父子 有所 追赠 绣像 凌烟阁 追封 楚国 公,0
 婉儿 诞生 之际 祖父 上官仪 其父 人物一 皆 起草 废后 诏 人物二 书 武则天 处死,0
 电视 小说 宝莲灯 前传 作品简介 玉皇大帝 妹妹 瑶姬 不顾 天规 人物一 育下 杨蛟 杨戬 人物二 共享 天伦,0
 人物二 人物 来历 淮海 锣鼓 词 中 玉皇大帝 妹妹 私下 凡间 人物一 结合 生下 杨 二郎,0
 玉帝 得知 派 天兵天将 下界 杀 人物一 杨蛟 将瑶 姬压 桃山 之下 杨戬 人物二 哪吒 天 蓬元帅 帮助 侥幸 逃脱,0
 注 古代 神话 中 瑶姬 人物一 杨蛟 杨戬 人物二 无关 词条 所述 瑶姬 身份 事迹 电视剧 宝莲灯 前传 改编,0
 金乌 奉命 下令 诛杀 杨家 满门 杀 人物一 杨蛟 杨戬 人物二 天 蓬元帅 相助 之下 幸免于难,0
 该剧 讲述 玉皇大帝 妹妹 瑶姬 不顾 天规 人物一 育下 杨蛟 杨戬 人物二 共享 天伦,0
 人物一 剧情 后事 二 儿子 杨戬 带 妹妹 人物二 九死一生 逃,0
 杨蛟 角色 设定 人物一 瑶姬 大儿子 杨戬 人物二 之兄,0
 中国 古代 神话 中 瑶姬 杨戬 人物二 人物一 杨蛟 无关 上述 身份 电视剧 篡改,0
 天兵天将 下界 杀 人物一 杨蛟 将瑶 姬压 桃山 之下 杨戬 人物二 侥幸 得以 逃脱,0
 玉帝 妹妹 瑶姬 私婚 凡间 书生 人物一 生 杨蛟 杨戬 人物二 三个 孩子,0
 电视剧 配音 倚天 屠龙记 人物一 人物二 同一 屋檐下 同一 屋檐下 柏木 小梅,0
 六大 派 远征 光明顶 一战 光明 顶上 淬然 遇见 人物一 之女 人物二 时 反应 便 看得出来 人物一 思念 有多深,0
 倚天 屠龙记 人物二 杨逍 人物一 之女 纯真 善良,0
 自古 男女授受不亲 人物一 珍重 人物二 付托 张无忌 是否 托付 终身 想法 不得而知,0
 金庸 笔下 人物 金庸 经典 人物 人物二 人物一 命名 两个 短篇 故事 更是 颠覆 彻底,0
 当初 人物一 殷梨亭 先有 婚约 遇上 杨逍 人物一 杨逍 拘禁 而强 怀孕 只得 暗中 生 人物二,0
 后来 灭绝师太 找到 人物一 时 刚好 张无忌 到蝶谷 医仙 胡青牛 医治 时 认识 人物二,0
 人物一 惨死 灭绝 手下 临终前 人物二 托付 张无忌 恳请 送 人物二 昆仑山 找 父亲 杨逍,0
 倚 小昭 人物二 周芷若 殷素素 辉月使 朱九真 殷离 人物一 赵敏 黛绮丝 杨湘 绮,0
 人物二 金庸 小说 倚天 屠龙记 中 人物 峨嵋派 高徒 人物一 明教 光明 左使 杨逍 女儿,0
 人物 人物二 人物一,0
 人物二 杨逍 人物一 之女 纯真 善良,0
 峨嵋 女弟子 人物一 一段 情缘 杨逍 悲 去世 一生 娶 抚养 女儿 人物二 长大 桀骜 浪子 转变 慈父,0
 梁少霞 电视剧 配音 梁少霞 倚天 屠龙记 人物一 人物二 梁少霞 同一 屋檐下 同一 屋檐下 柏木 小梅,0
 灭绝师太 杨逍 人物一 人物二 殷梨亭,0
 倚 小昭 人物二 周芷若 殷素素 辉月使 朱九真 殷离 人物一 赵敏 黛绮丝 杨湘 绮,0
 人物一 早有 婚约 武当七侠 殷梨亭 心存 愧疚 明白 人物二 殷梨亭 情意 时 豁达 应允 殷 杨二人 婚事,0
 视 版 倚天 屠龙记 中一人 分饰 人物一 人物二,0
 杨逍 峨嵋 女弟子 人物一 一段 情缘 杨逍 悲 去世 一生 娶 抚养 女儿 人物二 长大 桀骜 浪子 转变 慈父,0
 萧大陆 版 殷梨亭 过程 中 殷梨亭 人物二 感情 变化 看成 人物一 渐渐 人物二 人物二,0
 倚 小昭 人物二 周芷若 殷素素 辉月使 朱九真 殷离 人物一 赵敏 黛绮丝,0
 尤其 演戏 一块 潘仪君 饰演 版 人物一 人物二 深入人心,0
 人物一 人物二 两 母女 受伤 来到 蝴蝶谷,0
 张翠山 之死 莫声谷 之死 光明 顶上 人物二 揭开 人物一 之死 真相 时,0
 曾经 峨嵋派 人物一 订有 婚约 人物一 死后 人物一 杨逍 之女 人物二 结婚,0
 当初 人物一 殷梨亭 先有 婚约 遇上 杨逍 两人 相恋 后生 女儿 取名 人物二 女儿 取名 不悔 表示 后悔 段 关系,0
 当时 明月 金庸 笔下 人物 金庸 经典 人物 人物二 人物一 命名 两个 短篇 故事 更是 颠覆 彻底,0
 人物一 临死前 拜托 张无忌 女儿 人物二 送到 杨逍 身边,0
 人物一 自觉 愧对 殷梨亭 行为 感到 抱歉 人物二 旁观者 自然 殷梨亭 更 一种 特别 欠 意,0
 十四岁 张无忌 护送 峨嵋 女侠 人物一 女儿 人物二 远 赴 昆仑山 寻父 杨逍 真正 踏入 身不由己 江湖,0
 最后 旧 爱 人物一 女儿 人物二 发展 一段 忘年 之恋 喜结连理 夫妻情 爱 甚笃 终得 圆满,0
 杨逍 一女 人物二 峨嵋 女侠 人物一 生,0
 家有 儿女 Ⅲ 人物 介绍 人物二 岁 人物一 长女 刘梅 继女 夏雨 姐姐,0
 人物一 刘梅 想尽 办法 试图 帮助 人物二 重新 树起 信心,0
 家人 人物一 丈夫 刘星 夏雨 儿子 人物二 女儿 胡一统 前夫,0
 刘梅 每天 人物二 带上 饭菜 找 工作 人物一 刻意 人物二 推荐 工作 机会 人物二 拒绝,0
 内容简介 男主人 人物一 跟随 前妻 美国 陪读 工作 离婚 带 儿子 夏雨 归国 发展 国内 长大 女儿 人物二 团聚,0
 家有 儿女 讲述 人物一 夫妇 子女 刘星 夏雨 人物二 一系列 故事,0
 刘梅 没 拦住 人物二 只好 转过 头 劝 人物一 人物二 倔强 孩子 只能 慢慢来,0
 谓 称 梅梅 人物一 妈妈 妈 刘星 夏雨 人物二 刘梅 阿姨 通用,0
 人物一 剧本 角马 爱情 符合 制作方 要求 枪毙 后来 人物二 汇演 节目 改成 角马 故事 取得成功,0
 高傲 人物二 不愿 坦白 位置 刘梅 人物一 维护 人物二 面子 装做 知道,0
 人物二 创业 人物一 认为 浪费时间 走弯路 人物二 发生争执 人物二 一气之下 租房子 出去 住 人物一 非常 震怒,0
 刘梅 人际关系 家人 人物一 丈夫 刘星 夏雨 儿子 人物二 女儿 胡一统 前夫,0
 家有 儿女 中 夏雨 人物二 亲妈 人物一 前妻,0
 谓 称 叔叔 老夏 通用 人物一 刘梅 玛丽 爸爸 爸 老爸 人物二 刘星 夏雨 小哥 加 菲猫 爸爸 刘梅,0
 家有 儿女 演员 高亚麟 扮演 人物一 剧中 演员 杨紫 扮演 人物二 人物一 女儿 剧外 高亚麟 杨 紫 道具 爸爸,0
 夏雨 决心 找 淘淘 报仇 人物二 此事 告诉 人物一 人物一 刘梅 连夜 商量 解决办法,0
 夏雨 身份 人物一 小儿子 人物二 刘星 之弟,0
 人物一 刘梅 得知 消息 内心 暗自 焦虑 希望 越大 失望 越 担心 人物二 承受 不了 失败 打击,0
 周英华 甚少 公众 场合 表达 家族 看法 包括 爱女 人物二 母亲 人物一,0
 如果说 人物二 美 落 实 平常 见 得到 那种 美丽 人物一 美 便是 带 朦胧 仙气,0
 人物二 母亲 人物一 相比 父亲 周英华 显然 低调,0
 年 人物一 周英华 结婚 两年 人物二 出生 英文名 预示 周家和 中国 千丝万缕 无法 割舍 联系,0
 人物二 父亲 周英华 令人遗憾 人物一 周英华 分手 之后 屡次 遇人不淑,0
 人物二 个人经历 人物一 爱女 取名为 人物二 人物一 想 追生,0
 首次 曝光 人物一 女儿 首 曝光 年 月 岁 人物一 破格 当爸 女儿 人物二 出生 人物一 便 媒体 进行 攻防战,0
 年 月 日 人物一 爱女 人物二 保密工作 做到 滴水不漏 女儿 诊所 打针 出动 四名 保镖,0
 年 月 日 朱丽倩 香港 养 医院 产下 女儿 人物二 人物一 正式 升格 成为 爸爸,0
 之前 传 人物一 经高人 指点 拟将 爱女 唤作 刘云 善 尘埃落定 天王 宝贝 名曰 ─ ─ 人物二,0
 位 保镖 戒护 人物一 一家 三口 迅雷不及掩耳 速度 进入 大厅 电梯 刚满 半岁 女儿 人物二 终于 首度 曝光,0
 人物一 女儿 首 曝光 年 月 岁 人物一 破格 当爸 女儿 人物二 出生 人物一 便 媒体 进行 攻防战,0
 名字 人物一 夫妇 爱女 办理手续 人物一 爱女 取名为 人物二 人物一 想 追生,0
 人物二 主要 作品 人物一 爱女 没有 演艺 经历 作品,0
 水浒传 中 人物 人物一 绰号 山 夜叉 出自 早期 版本 水浒传 梁山 好汉 母夜叉 人物二 父亲 菜园子 张青 岳父,0
 水浒 英雄 谱 母夜叉 人物二 人物一,0
 原来 此人 人物二 父 人物一 后见 张青 聪明能干 便 女儿 许配 张青,0
 人物二 黑店 祖传 父亲 山 夜叉 人物一 江湖 前辈,0
 几年 人物一 病故 张青 人物二 夫妻 二人 重回 光明 寺 居住,0
 人物一 先生 不让 这本 书 人物二 偷,0
 人物一 女儿 人物二 告诉 记者 这件 案子 牵涉 双方 比较 引人注目 法院 判 一边 觉得 不妥 一拖再拖,0
 人物一 家中 藏书 甚 朝阳区 藏书 状元 之称 人物二 特别 喜欢 父亲 书 看着 书架上 满满的 人物二 心里 觉得 踏实,0
 人物一 先生 时 住 朝阳区 东大桥 民宅 里 小女儿 人物二 住在一起,0
 人物一 女儿 人物二 人物二 新凤霞 之女,0
 参加 北京 卫视 春晚 人物一 之女 人物二 老师 同台 演绎 小品 回家 过年,0
 章世钊 女 章含之 四代 猴王 传到 六小龄童 人物一 新凤霞 女儿 人物二 明星 黎莉莉 外孙女 潘婕 相声 世家子弟 常贵田,0
 国贸 案 结束 感言 中 人物一 回忆 道 年 月 日 下午 两点 人物一 带 小女儿 人物二 走 朝阳区 法院 出席 最后 庭审,0
 年 人物一 沈阳 结婚 年 月 生育 女儿 人物二 阳洋,0
 人物二 沈阳 人物一 之女 年 出生,0
 画展 开幕 人物二 百忙之中 抽空 出场 爸爸 助阵 人物一 非常高兴,0
 一直 钦羡 人物二 大气 淡然 到底 从何而来 一刻 记者 人物一 淡泊 从容 人生哲学 中 恍然 找到 答案,0
 人物一 说 身在 美国 女儿 人物二 想来 工作 忙 未能 捧场,0
 女儿 人物二 人物一 表示 事业 顺其自然 精神 愉快 身体健康 感觉 快乐,0
 狼 辟谣 访问 澄清 人物二 之母 人物一 接受 郎咸平 访问 声称 炒股 致富 拥有 百万 身家,0
 难道真 人物二 母亲 人物一 所言 年代 初 炒股 积累 起来,0
 人物一 女 户口 所在地 深圳 宝安 炫富 女 人物二 妈妈 年 有意 包装 人物二,0
 人物二 母亲 人物一 笔者 讲述 故事,0
 该次 访谈 中 人物二 之母 人物一 表示 年 投资 股票 几个 月 赚 几百万 一直 有钱,0
 人物一 采访 中向 外界 表明 财富 可观 人物二 出生 之前 年 深圳 两套 房子 几百万 现金,0
 人物一 女士 微博 宣传 人物二 工作 室外 希望 网友 包容 郭美玲 表示 会 虚心接受 网友 建议 批评,0
 微博炫富 事件 母女 专访 人物二 事件 事发 一个多月 人物二 母亲 人物一 终于 公开 露面 解释 事件 来龙去脉,0
 人物一 所说 人物二 出生 前 好几百万,0
 年 人物一 包装 人物二 自称 女儿 演艺 娱乐 事业 经纪人,0
 母女 专访 人物二 事件 事发 一个多月 人物二 母亲 人物一 终于 公开 露面 解释 事件 来龙去脉,0
 年 月 人物二 炫富 事件 发生 人物一 一度 成为 网友 肉 搜索 对象,0
 郭美玲 个人 专访 郎咸平 说 人物二 事件 事发 一个多月 郭美玲 母亲 人物一 终于 公开 露面 解释 事件 来龙去脉,0
 炫富 女 人物二 妈妈 人物一 女 户口 所在地 深圳 宝安 炫富 女 人物二 妈妈 年 有意 包装 人物二,0
 深圳 财经 生活 频道 接到 罗湖区 水库 新村 市民 爆料 人物二 母亲 人物一 租住 房子 欠下 元 房租 没 交,0
 说 最后 人物二 母亲 人物一 哽咽 起来,0
 人物二 人物 设定 人物二 人物一 赵薇 饰 罗素 佟 大为 饰 唯一 女儿,0
 毕然 角色 简介 人物一 亲兄弟 不靠 谱 豺 舅舅 说话 大脑 人物二 老师 赵佳乐 相爱,0
 人物一 人际关系 女儿 人物二 燕京大学 经济系 进步 学生,0
 人物一 回家 正好 撞 人物二 方孟韦 吵架 再次 训斥 人物二 不要 梁经纶 扯 关系,0
 方步 亭 何其沧 家 见到 梁经纶 告诉 人物二 已死 消息 人物一 方孟敖 共产党,0
 方步 亭 走 人物一 程小云 出 人物二 制造 方孟敖 何孝钰 单独 相处 机会,0
 人物一 德胜门 解放军 进城 幻觉 中 看到 女儿 人物二 身影,0
 眼看 学生 一批批 释放 一直 没有 人物二 消息 方步 亭 担心 情况有变 遂 人物一 找 木兰,0
 年 月 日 人物一 抱 女儿 人物二 冒雨 投奔 中央银行 总部 工作 方步 亭,0
 徐铁 英走 方步 亭 人物一 商议 方孟韦 人物二 送到 法国 留学,0
 方孟敖 离开 人物二 意欲 撮合 方孟敖 何孝钰 反 人物一 训斥,0
 方步 亭 行长 必须 以身作则 家中 金银 上交 包括 妻子 程小云 婚戒 留给 人物二 出嫁 金镯子 人物一 批 太过分,0
 张月 印 表达 崔中 石 牺牲 惋惜 人物一 交代 梁经纶 真实 身份 人物二 已经 梁经纶 成为 恋人 情况,0
 徐铁 英突 闯 金库 指认 崔中 石 人物一 共产党 说 人物二 手上 人物一 逼要 账册 反 人物一 一道 锁 金库,0
 人物二 不解 人物一 反对 梁经纶 一起 哭 何孝钰 打电话 找 梁经纶 两女 陷入 梁经纶 情感 纠葛,0
 方步 亭 人物一 商议 方孟韦 人物二 送到 法国 留学,0
 发粮 当日 达到 方家 见方 步亭 人物一 方步 亭 配合 币制 改革 条件 可达 提出 交易 方孟敖 人物二 发粮 之后 抽身,0
 人物二 人物 简介 人物二 维和 英雄 人物一 女儿 就读于 中国 人民 公安大学,0
 人物二 维和 英雄 人物一 女儿 就读于 中国 人民 公安大学,0
 年 女儿 人物二 中国 人民 公安大学 努力学习 人物一 生活照 张,0
 人物二 人物 事迹 年 海地 发生 级 地震 正在 执行 维和 任务 人物一 不幸遇难 牺牲,0
 邓小平 夫人 人物二 人物一 幼女 浦 琼英 故乡 高原 明珠 火腿 乡 宣威市,0
 人物一 故居 人物二 简介 人物二 女 原名 浦 琼英 人物二 父 人物一,0
 人物一 故居 中国 近代 民族 工商业者 商贾 将军 人物一 故居 邓小平 夫人 人物二 故居,0
 人物一 人物二 简介 人物二 女 原名 浦 琼英 云南省 曲靖市 宣威 榕 城镇 普家 山村,0
 北边 楼房 一层 中间 人物一 家 烧香拜佛 佛堂 佛堂 隔壁 一间 不大 厢房 这是 人物二 北京 求学 前 卧室,0
 人物一 邓小平 夫人 人物二 父亲,0
 人物一 宣威 地方 民族 工业 发展 中国 革命 作出贡献 一代 伟人 邓小平 岳父 平夫人 人物二 故居,0
 浦 琼英 人物二 著名 民族 实业家 人物一 之女 邓小平 夫人,0
 邓小平 妻子 人物二 原名 浦 琼英 人物一 小女儿 年 月 邓小平 结婚 二人 均 属 龙 人称 双龙 夫妇,0
 人物一 宣威 榕 城镇 学名 浦 钟杰 邓小平 夫人 人物二 父亲,0
 陆渐 人物二 见 呆 人物一 神色 茫然,0
 越方凝 大陆 新 武侠 领军人物 凤歌 力作 沧海 中 并未 正面 出场 人物 隶属 西城 火部 乃火部 之主 人物一 师妹 兼 妻子 育有 一女 人物二,0
 人物二 凤歌 山海经 小说 第二部 沧海 中 重要 女主角 人物一 越方凝 之女,0
 人物二 愣 陆渐 扯住 袖口 微微 摇头 人物二 轻咬 朱唇 蓦地 摆脱 陆渐 走 人物一 近前,0
 人物一 伸出 手 指尖 拂过 人物二 如玉 面庞 一时间 人物一 脸上 流露出 怅惘 之色 喃喃 道 真像 真像,0
 不久前 人物二 喜 贵子 外公 人物一 非常高兴,0
 店里 事务 主要 人物一 前妻 打理 人物二 担任 董事长,0
 昨天 人物二 新婚 典礼 人物一 感慨万分 说 女儿 结婚 兴奋 整夜 没 睡 现在 年纪 不介意 早点 姥爷,0
 人物一 前妻 葛淑珍 女儿 人物二 人物二 年 月 日出 生于 辽宁省 铁岭市 开原县 莲花 乡石 嘴 沟村,0
 人物二 汪洋 刚 成家 攒钱 装修 资金 人物一 出,0
 紧握 父亲 人物一 双手 披 洁白 婚纱 人物二 流下 激动 泪水,0
 人物二 人物一 安排 大连市 公安局 辞职 来到 本山 艺术 学院 工作,0
 人物二 网上 看到 报道 便 找到 爸爸 人物一 商量 说 想 铁岭 开 一家 正宗 差钱 餐馆 希望 老爸 大力支持 人物一 一口 答应,0
 人物二 人物 经历 年 月 人物一 葛淑珍 和和气气 办理 离婚 手续,0
 人物二 本山 艺术 学院 工作人员 人物一 长女,0
 女儿 成家 完成 心愿 本山 前妻 所生 女儿 人物二 今年 已经 岁 年 女儿 婚事 人物一 没少 四处 张罗,0
 人物二 感人 处 著名 笑星 人物一 女儿 人物二 女婿 汪洋 铁岭 完婚,0
 人物二 美好 祝福 人物一 招 铁岭 女婿 叮嘱 女儿 好好 过日子 金秋 十月 真是 办喜事 好日子 人物一 选 收获,0
 人物二 人物一 前妻 葛淑珍 所生 女儿 年 月 日 人物一 一手 操办 人物二 男友 汪洋 喜结良缘,0
 人物二 人物一 安排 大连市 公安局 辞职 调入 本山 艺术 学院 工作,0
 后来 唐玄宗 封 唐中宗 女 人物一 女儿 韦氏 人物二 下嫁 李鲁 苏,0
 人物二 父为 韦捷 母为 人物一 李季 姜,0
 人物一 全唐文 卷 二十二 ○ 封 人物二 制,0
 唐开元 十四年 公元 年 唐玄宗 唐中宗 李豫 之女 人物一 女儿 人物二 嫁给 库莫奚 族 酋长 李鲁 苏,0
 公主 嫡母 未 递相论告 诏令 离婚 复以 人物一 之女 韦氏 人物二 以妻,0
 东光 人物二 人物一 女 韦氏,0
 以玄宗 甥女 陈氏 东华 公主 妻 邵固 人物一 中宗女 嫁 韦捷 之女 韦氏 人物二 妻 鲁苏,0
 从甥 陈氏 东华 公主 妻 邵固 人物一 之女 韦氏 人物二 妻 鲁苏,0
 人物二 年 月 日 出生 当红 明星 人物一 先生 刘冠廷 女儿,0
 人物二 个人资料 年 妈妈 人物一 加盟 加油 当家,0
 人物二 个人经历 人物一 可爱 女儿 出生 新闻,0
 人物一 未来 女儿 人物二 遵从 父亲 况天佑 之命 年 未来 来到 现代 住 中 帮忙,0
 期间 况天佑 人物一 不破 岳 瑶池 马小虎 月 人物二 人物 情感 深入 表现,0
 人物一 僵尸 形态 人物一 年 回来 女儿 人物二 咬伤,0
 人物一 阻止 况天佑 参加 人神 之战 导致 地球 毁灭 人类 灭绝 人物二 一直 恨 人物一,0
 出现 个体 人物二 人物一,0
 紫 马家 血 命运 之力 加上 僵尸 血 盘古 之力 变成 特殊 紫眼 僵尸 人物二 人物一 汤金 宝,0
 几经 波折 人物二 主动 承认 况天佑 人物一 未来 女儿,0
 紫 马家 血 加上 僵尸 毒 变成 特殊 紫眼 僵尸 人物二 人物一 汤金 宝,0
 人物一 人物二,0
 人物二 终于 明白 源头 竟然 恨 母亲 人物一 原来 恨,0
 紫眸 人物一 女儿 人物二 咬过 之后 尸毒 发作 陷入 疯狂,0
 天涯 路 内容简介 末世 重生 成为 僵尸 有个 约会 中 人物一 况天佑 女儿 人物二,0
 紫 马家 血 加上 僵尸 血 变成 特殊 紫眼 僵尸 人物二 人物一 汤金 宝,0
 笨手笨脚 常 事情 搞砸 努力 不懈 地朝 目标 前进 人物二 袁湘琴 人物一 况天佑 之女 人神 战后 消失,0
 人物二 作者简介 人物一 钱钟书 夫人 本名 杨 季康 著名 作家 评论家 翻译家 学者,0
 创作 历程 年 夏 年冬 钱钟书 先生 女儿 人物二 相继 住院 人物一 女士 八十多岁 奔波 于家 两所 医院 之间,0
 年 人物二 北师大 外语系 教授 钱钟书 人物一 独女,0
 年 人物二 第二任 丈夫 杨伟 成 母亲 人物一 著书 人物二 组建 新 家庭,0
 人物二 内容简介 该书 人物一 人物二 继子 继女 师长 学生 同事 好友 合著,0
 钱钟书 人物一 女儿 人物二 年 月 生于 英国牛津 钱钟书 人物一 女儿 北京师范大学 英语系 教授,0
 月 日 崔光 朝鲜 军事家 年 月 月 日 人物二 北师大 外语系 教授 钱钟书 人物一 独女,0
 婚后 人物二 夫妇俩 婚姻生活 非常 幸福 王德一 钱钟书 人物一 夫妇 关系 非常 亲密 人物一 亲手 帮 王德一 理过 发,0
 该书 人物一 人物二 继子 继女 师长 学生 同事 好友 合著,0
 但罕为 人知 人物一 唯一 女儿 人物二 此前 年 先,0
 人物二 生前 北京师范大学 英语系 教授 中国 学界 德高望重 钱钟书 人物一 夫妇 女儿,0
 人物一 女士 仪式 谈到 一个 代表 三个 代表 已经 去世 钱钟书 女儿 人物二 母校 捐赠,0
 人物二 母亲 人物一 交往 必得 有个 机缘,0
 据悉 书中 收有 大量 人物二 照片 幅照片 人物一 先生 亲笔写 说明 文字 人物一 先生 称 人物二 平生 惟一 杰作,0
 北师大 外语系 教授 人物二 北京师范大学 英语系 教授 钱钟书 人物一 女儿,0
 钱媛 内容简介 该书 人物一 人物二 继子 继女 师长 学生 同事 好友 合著,0
 人物二 作家 人物一 人物二 继子 继女 师长 学生 同事 好友 合著 一本 钱媛 生活 家庭 工作 点点滴滴 事 书籍,0
 夫人 人物一 著名作家 育有 一女 人物二,0
 人物一 先生 称 人物二 平生 唯一 杰作 简单 平淡 语言 中 透出 无尽 自豪 满意,0
 一生 北京师范大学 教书 未 成为 名人 女儿 人物二 人物一 痛惜 可造 之材 未能 成材 读书种子 只发 一点儿 芽芽,0
 尖兵 人物二 作者简介 人物一 钱钟书 夫人 本名 杨 季康 著名 作家 评论家 翻译家 学者,0
 夫人 人物一 著名作家 育有 一女 人物二 年 年,0
 人物二 序中 人物一 写道 夫妇 探讨 女儿 个性,0
 人物二 生活 读书 新知 三联书店 年 出版 图书 人物一 著,0
 人物二 作者简介 人物一 钱钟书 夫人 本名 杨 季康 著名 作家 评论家 翻译家 学者,0
 人物二 个人 生活 人物二 母亲 人物二 母亲 钱钟书 夫人 人物一 年 月 日 时 分 去世 享年 岁,0
 阶级斗争 如火如荼 阿圆 钱钟书 人物一 女儿 人物二 小名 厂 劳动 返回 学校,0
 钱钟书 人物一 女儿 人物二 北京师范大学 英语系 教授 钱钟书 人物一 女儿,0
 人物一 笑一笑 不置可否 转眼 望去 人物二 注视 眼中 透出 恼恨 之色,0
 人物二 继承 其母 人物一 媚术 总让 感觉 妖女 仅仅 媚 女,0
 人物一 母女 斗法 施妙妙 尚未 接口 人物二 已笑 道 妈 说,0
 男主角 谷缜 兄妹 关系 人物一 人物二 生母 谷缜 继母 喜欢 谷缜 一位 具有 悲剧 色彩 人物,0
 女 人物二 人物一 生,0
 人物二 著名 导演 人物一 之女 出 生于 年 月 日 原名 冯思语,0
 人物一 徐帆 十一年 婚姻 中 一直 没有 儿女 人物一 一个 独生女 人物二 前妻 生,0
 年 月 日 人物一 女儿 人物二 出生,0
 人物二 人物 轶事 人物一 参加 女儿 冯思语 岁 成人礼,0
 人物二 著名 导演 人物一 之女 出 生于 年 月 日 原名 冯思语,0
 人物二 人物 评价 模样 酷似 父亲 人物一 很漂亮,0
 人物 经历 人物二 年龄 周岁 人物一 曾离 一次 婚 前妻 张女士 年 月 日生 一个 女儿 取名为 冯思语,0
 人物一 女儿 名字 改了 一个 字 冯思语 改为 人物二,0
 年 月 日 人物一 人物二 就读 北京市 北大附中 出席 该校 高三 学生 成人 典礼,0
 人物二 家庭成员 人物二 人物一 冯思语 父亲 中国 著名 导演,0
 曹操 第十 子 中山王 曹兖 人物二 人物一 生 秦朗 同母异父,0
 人物二 是否是 同一 不得而知 可能 人物一 一个 女儿,0
 曹操 第十 子 中山王 曹衮 人物二 人物一 生 秦朗 同母异父,0
 妻 人物二 曹操 人物一 所生 女 人物一 吕布 手下 秦宜禄 之妻 曹操 养子 秦朗 生母,0
 人物一 一个 女儿 人物二 嫁给 何晏,0
 人物二 母 人物一 秦穆公 夫人,0
 人物一 齐桓公 之女 生 人物二 申生,0
 人物二 称 伯姬 秦 人物二 姬姓 晋献公 人物一 之女 申生 同母 姐 嫁 秦穆公 故称 人物二,0
 后来 人物一 生一女 人物二 秦穆公 夫人,0
 晋献公 即位 便 其父 晋武公 姬妾 人物一 齐桓公 之女 私通 生 儿子 申生 女儿 人物二 秦穆公 夫人 人物一 很早 去世,0
 父亲 晋武公 妾 人物一 生 人物二 太子 申生,0
 吸星 大法 修炼 吸星 大法 人物一 人物一 人物二 父亲 日月神教 教主 武功 非凡 小说 中 数一数二 人物,0
 人物一 终 令狐冲 人物二 救出 旋即 东方不败 展开 激斗 欲 重夺 魔教 掌门 一位,0
 黑木崖 人物一 右使 向问天 令狐冲 圣姑 人物二 共战 东方不败 此役 里 上官云 右眼 东方不败 绣花针 刺 瞎,0
 风 太师 叔 面子 令狐冲 情人 人物二 江湖 关系 人物一,0
 黑木崖 向问天 带你去 见 人物二 人物一 定计 杀上 黑木崖,0
 想想 令狐冲 人物一 向问天 人物二 冲上 黑木崖 杀 东方不败 发现 东方不败 揣着 包包 时,0
 人物二 之后 令狐冲 一起 前往 梅庄 救 人物一 令狐冲 换作 人物一 替身 遭禁,0
 武功 本属 天下第一 男主角 令狐冲 人物一 向问天 高手 围攻 尚能 落下风 人物二 一旁 折磨 爱人 杨莲亭 分神 杀,0
 出寺 人物二 相救 囚 于梅 庄 人物一,0
 性行 高洁 人物一 之女 人物二 接任 教主 情人 令狐冲 一道 化干戈为玉帛 卸职 完婚,0
 任家 阵容 人物二 令狐冲 人物一 东方不败,0
 人物二 日月神教 教主 人物一 独女 东方不败 夺权 尊为 圣姑 隐居 洛阳 嫁 令狐冲 为妻,0
 人物一 去世 女儿 人物二 暂代 教主 之位,0
 人物一 获救 恒山 派 掌门 令狐冲 圣姑 人物二 天王老子 向问天 雕侠 上官云 一起 黑木崖 对付 东方不败 重夺 教主 之位,0
 出寺 正式 结交 人物二 两人 相救 幽禁 梅庄 人物一,0
 人民币 玩家 非 人民币 玩家 攻击 路线 走 桃谷六仙 令狐冲 人物二 人物一 岳不群 相互 点灯,0
 战胜 东方不败 藤原 信之介 晴子 再度 相聚 此刻 人物一 率领 令狐冲 人物二 向问天 趁机 杀上 黑木崖,0
 没有 败 人物一 令狐冲 人物二 东方不败 击败,0
 人物一 人物二 带 令狐冲 离开,0
 雪心 人物一 妻子 人物二 之母,0
 人物一 日月神教 教主 人物二 父 东方不败 刺 瞎 右眼 内力 反噬 死,0
 修炼 人物一 人物一 人物二 父亲 日月神教 教主 武功 非凡 小说 中 数一数二 人物,0
 成员 风清扬 东方不败 人物二 人物一 令狐冲,0
 人物一 没有 冲虚道长 交 过手 此事 令狐冲 营救 人物二 时 高手 少林寺 谈话 时 得知 当时 冲虚道长 说 噢,0
 魔教 之中 除去 东方不败 人物一 更 人物二 黄河老祖 向问天 江湖 名人 可谓 神出鬼没 亦正亦邪 南 武林 大派,0
 人物二 日月神教 教主 人物一 之女 日月神教 圣姑,0
 令孤冲 人物二 向问天 人物一 一同 找 东方不败 报仇,0
 阵容 弟子 东方不败 风清扬 令狐冲 人物二 人物一 岳不群,0
 魔教 教主 人物一 神秘 失踪 护法 左使 曲洋 指 杀 教主 凶手 遭 教众 围剿 曲洋 挟持 人物一 独生 女儿 人物二 逃遁 不知 所踪,0
 人物二 基本 资料 版 人物二 身份 日月神教 圣姑 人物一 去世 继位 日月神教 教主 传位 向问天,0
 其后 人物一 剿灭 五岳 剑 派 一役 中 旧疾复发 病故 女 人物二 暂任 教主,0
 囚禁 人物一 终 令狐冲 人物二 救出,0
 基本 资料 版 人物二 身份 日月神教 圣姑 人物一 去世 继位 日月神教 教主 传位 向问天,0
 攻击 阵营 选择 笑傲 路线 独孤 风清扬 令狐冲 人物二 岳不群 人物一 左冷禅 向问天 相互 点灯,0
 人物一 日月神教 教主 人物二 父,0
 刘骏 皇后 人物二 琅 玡 临沂人 父亲 人物一 东晋 丞相 王导 玄孙 尚书 王嘏 儿子 母亲 东 晋孝武帝 女儿 鄱阳 公主,0
 刘宋时 鄱阳 公主 改称 永 成君 生子 人物一 孙女 人物二 宋孝武帝 文穆皇后,0
 人物二 兄弟 王藻 人物一 长子 官至 东阳 太守 娶 宋文帝 刘义隆 第六 女 临川 长 公主 刘英媛,0